0	1
american	166
may	132
one	128
new	112
scientific	104
could	81
university	76
would	74
science	70
two	66
also	63
like	62
even	60
sauropods	56
people	56
years	55
many	54
physics	49
particles	49
time	47
another	45
still	45
way	45
see	44
plants	42
technology	42
future	41
research	41
researchers	40
light	39
make	37
memory	37
called	36
director	36
data	36
found	36
diagrams	34
weather	34
much	34
number	33
well	33
energy	33
theory	33
online	33
long	33
sauropod	33
might	32
plant	31
world	31
says	31
health	30
every	30
known	30
around	30
food	29
professor	29
need	29
radar	29
particle	28
feynman	28
help	28
memories	28
become	28
patients	28
year	28
three	28
quantum	27
work	27
made	27
physicists	26
trees	26
scientists	26
get	26
come	26
better	26
gravity	26
use	26
back	26
drugs	25
space	25
computer	25
leaves	25
yet	25
loops	24
david	24
enough	24
used	24
take	24
large	24
form	24
using	24
know	23
gonorrhea	23
nature	23
small	23
air	23
noaa	23
color	22
institute	22
team	22
high	22
likely	22
although	22
standard	22
strong	22
less	22
tornado	22
michael	21
human	21
center	21
medical	21
problem	21
next	21
process	21
million	21
healthy	21
times	21
change	21
seen	21
matter	21
lhc	21
method	21
medicine	20
heart	20
national	20
percent	20
however	20
tomato	20
problems	19
hard	19
think	19
cancer	19
satellites	19
editor	19
public	19
others	19
right	19
example	19
least	19
virtual	19
say	19
numbers	19
dodder	19
ways	18
give	18
ever	18
history	18
school	18
information	18
group	18
brain	18
last	18
results	18
far	18
com	18
natural	18
single	18
never	18
animals	18
tiny	18
extinction	18
dinosaurs	17
storm	17
warning	17
good	17
disease	17
great	17
working	17
past	17
left	17
idea	17
models	17
calculations	17
together	17
unitarity	17
size	17
eye	16
study	16
state	16
chemical	16
including	16
view	16
hours	16
vol	16
humans	16
point	16
current	16
look	16
news	16
model	16
life	16
name	16
technique	16
developed	15
report	15
blood	15
tests	15
best	15
forecasters	15
birds	15
rates	15
early	15
john	15
drug	15
able	15
rather	15
across	15
groups	15
four	15
bacteria	15
whether	15
often	15
part	15
several	15
colors	15
growth	15
blue	15
minutes	15
computers	14
intel	14
ago	14
power	14
harvard	14
biology	14
detect	14
book	14
without	14
result	14
changes	14
development	14
genetic	14
lead	14
nearly	14
produce	14
later	14
day	14
put	14
gluons	14
show	14
little	14
surface	14
instead	14
signal	14
allow	14
pages	14
severe	14
images	13
faster	13
chips	13
devices	13
turn	13
came	13
california	13
laboratory	13
green	13
ﬁthe	13
already	13
laws	13
true	13
water	13
comment	13
con	13
dark	13
case	13
toward	13
beyond	13
cells	13
fact	13
similar	13
particular	13
growing	13
body	13
fear	13
ptsd	13
leaf	13
tornadoes	13
universe	13
search	12
advances	12
seems	12
something	12
string	12
since	12
levels	12
force	12
getting	12
colleagues	12
forces	12
based	12
man	12
living	12
longer	12
lot	12
resistant	12
making	12
rapid	12
means	12
layers	12
dinosaur	12
warnings	12
terms	11
thought	11
soon	11
studying	11
lab	11
supersymmetry	11
bird	11
nothing	11
network	11
international	11
common	11
attack	11
always	11
created	11
analysis	11
range	11
within	11
question	11
low	11
done	11
important	11
though	11
set	11
complicated	11
ask	11
women	11
must	11
possible	11
away	11
goal	11
modern	11
extreme	11
per	11
big	11
actually	11
miles	11
really	11
recent	11
full	11
species	11
place	11
developing	11
control	11
predictions	11
giving	11
days	11
skin	11
special	10
treat	10
daniel	10
editors	10
ice	10
real	10
age	10
web	10
company	10
studies	10
complex	10
synthetic	10
published	10
materials	10
appear	10
test	10
makes	10
treatment	10
certain	10
system	10
sense	10
end	10
north	10
room	10
manager	10
develop	10
thus	10
conditions	10
near	10
comes	10
either	10
wide	10
six	10
quarks	10
collision	10
mass	10
want	10
ones	10
gas	10
dna	10
pain	10
doctors	10
decade	10
discovered	10
bad	10
probability	10
events	10
damaged	10
eggs	10
adult	10
rat	10
attacked	10
cuscuta	10
yellow	10
approach	9
bern	9
dixon	9
kosower	9
vision	9
nanoparticles	9
millions	9
radars	9
advanced	9
engineers	9
available	9
steven	9
taken	9
illustration	9
earth	9
break	9
understanding	9
among	9
editorial	9
run	9
feeding	9
response	9
england	9
senior	9
article	9
design	9
gives	9
determine	9
answer	9
support	9
experts	9
everything	9
decades	9
highly	9
reason	9
things	9
courtesy	9
collider	9
level	9
roughly	9
showed	9
cases	9
produced	9
kind	9
identify	9
ﬁwe	9
grow	9
inside	9
risk	9
takes	9
simple	9
seven	9
track	9
late	9
structures	9
said	9
resistance	9
antibiotics	9
create	9
technologies	9
running	9
collisions	9
changed	9
cell	9
improve	9
cretaceous	9
propranolol	9
heil	9
storms	9
universes	9
getty	8
theories	8
fresh	8
mental	8
lives	8
ideas	8
johnson	8
letters	8
equations	8
latest	8
president	8
college	8
earlier	8
course	8
art	8
spent	8
physicians	8
math	8
potential	8
perhaps	8
experience	8
government	8
press	8
paths	8
appears	8
multiple	8
half	8
daily	8
almost	8
corn	8
higher	8
old	8
seem	8
higgs	8
boson	8
diversity	8
along	8
got	8
entire	8
theorists	8
london	8
provide	8
usual	8
interest	8
thing	8
formed	8
climate	8
satellite	8
emergency	8
compared	8
february	8
conjecture	8
going	8
given	8
recently	8
described	8
spread	8
sug	8
helped	8
understand	8
scales	8
cause	8
read	8
japan	8
quickly	8
requires	8
story	8
anything	8
brief	8
scattering	8
tree	8
tools	8
physical	8
uni	8
whose	8
ability	8
explore	8
chip	8
device	8
personal	8
proteins	8
neurons	8
sensors	8
smaller	8
zip	8
beetles	8
joplin	8
hurricane	8
photonic	8
complexity	7
image	7
wireless	7
americans	7
genetics	7
barbara	7
theoretical	7
engineering	7
evolutionary	7
magazine	7
environmental	7
department	7
global	7
warn	7
series	7
first	7
patient	7
fore	7
record	7
short	7
wing	7
creating	7
learning	7
questions	7
direction	7
worth	7
price	7
grass	7
condition	7
period	7
widely	7
plates	7
clear	7
sci	7
started	7
seemed	7
middle	7
success	7
led	7
typical	7
trial	7
second	7
reach	7
elementary	7
powerful	7
reality	7
cms	7
connect	7
basic	7
electron	7
photon	7
heavy	7
major	7
role	7
simply	7
organisms	7
hand	7
lost	7
today	7
trying	7
discovery	7
shown	7
associated	7
function	7
systems	7
sea	7
shows	7
location	7
turned	7
wrong	7
european	7
cool	7
tell	7
connections	7
held	7
rely	7
clinical	7
hot	7
spot	7
radio	7
try	7
mile	7
diagram	7
event	7
usually	7
directly	7
molecules	7
supergravity	7
terho	7
genome	7
protein	7
waves	7
evolved	7
bones	7
america	7
osteoderms	7
trauma	7
smell	7
neighboring	7
volatile	7
wheat	7
lima	7
career	7
doppler	7
arrays	7
advance	7
geostationary	7
feathers	7
optical	7
chitin	7
holes	7
talk	7
detail	6
richard	6
brown	6
zvi	6
lance	6
gene	6
evolution	6
painful	6
philip	6
individual	6
males	6
yogurt	6
internet	6
live	6
steve	6
detailed	6
chief	6
board	6
santa	6
law	6
imaging	6
san	6
biological	6
associate	6
forecasting	6
general	6
approaches	6
page	6
learn	6
diabetes	6
retinal	6
accurate	6
initial	6
serious	6
resulting	6
testing	6
care	6
danger	6
presence	6
crime	6
version	6
black	6
probably	6
possibly	6
instance	6
land	6
points	6
production	6
material	6
solutions	6
consumer	6
emerge	6
occur	6
calories	6
pro	6
choose	6
act	6
increase	6
rate	6
type	6
currently	6
expensive	6
centers	6
close	6
germany	6
mathematics	6
became	6
value	6
experi	6
receiving	6
solve	6
march	6
open	6
whereas	6
despite	6
quite	6
building	6
announced	6
fairly	6
popular	6
bright	6
keep	6
bio	6
protect	6
allowed	6
consider	6
let	6
service	6
baby	6
local	6
believe	6
suggests	6
average	6
weak	6
sum	6
write	6
follow	6
extend	6
methods	6
scientist	6
companies	6
hundreds	6
build	6
stages	6
moving	6
tech	6
oxygen	6
russian	6
software	6
loss	6
needed	6
fed	6
mimic	6
society	6
remains	6
signals	6
tracking	6
giants	6
works	6
arise	6
tried	6
analyzed	6
prevention	6
increased	6
contrast	6
complete	6
unique	6
start	6
goes	6
underground	6
person	6
par	6
pushed	6
predict	6
talking	6
probabilities	6
picture	6
increases	6
closed	6
box	6
increasing	6
shape	6
square	6
key	6
completely	6
require	6
path	6
april	6
electrical	6
contain	6
thin	6
stress	6
internal	6
animal	6
grew	6
microscopic	6
recall	6
shock	6
neighbors	6
chemicals	6
observations	6
imagine	6
supercomputers	6
atmosphere	6
meteorologists	6
city	6
forecasts	6
wavelengths	6
butter	6
iridescent	6
creates	6
crystals	6
cover	5
commonly	5
physicist	5
cheaper	5
implantable	5
monitor	5
diagnose	5
illness	5
kristina	5
curry	5
rogers	5
behavioral	5
chamovitz	5
tricks	5
largest	5
brian	5
larry	5
risks	5
eat	5
shermer	5
texas	5
robert	5
george	5
computational	5
policy	5
mind	5
applied	5
head	5
martin	5
james	5
photoreceptors	5
sight	5
addition	5
month	5
diagnostic	5
radiation	5
negative	5
existing	5
greater	5
access	5
bit	5
billion	5
cost	5
deep	5
photo	5
managing	5
sales	5
post	5
product	5
marketing	5
business	5
mark	5
intelligence	5
consciousness	5
networks	5
fruit	5
spring	5
existence	5
subsidies	5
direct	5
brought	5
debate	5
insurance	5
begun	5
bill	5
speed	5
hadron	5
gone	5
biologist	5
engineer	5
phenomenon	5
began	5
solid	5
sure	5
training	5
mathematical	5
advantage	5
men	5
gather	5
discover	5
ultimately	5
evidence	5
leading	5
built	5
detector	5
types	5
experiments	5
theorist	5
cern	5
protons	5
tev	5
taking	5
symmetries	5
suggested	5
explanation	5
leaving	5
strategies	5
microbes	5
ecosystems	5
fully	5
creatures	5
polar	5
carbon	5
huge	5
epidurals	5
fever	5
surrounding	5
reported	5
journal	5
overall	5
knows	5
odd	5
tao	5
los	5
proposed	5
named	5
larger	5
split	5
demonstrated	5
increasingly	5
improving	5
mean	5
solar	5
mix	5
rapidly	5
knew	5
piracy	5
represent	5
industry	5
took	5
country	5
failed	5
following	5
prevent	5
active	5
gave	5
birth	5
york	5
tool	5
diseases	5
susceptible	5
strains	5
cephalosporins	5
organ	5
transmitted	5
infection	5
dose	5
southern	5
traveling	5
worked	5
lines	5
trouble	5
feet	5
mod	5
connection	5
hotels	5
runs	5
free	5
ﬁyou	5
sometimes	5
bet	5
simplest	5
predicting	5
truly	5
describe	5
subnuclear	5
helpful	5
photons	5
coupling	5
distances	5
spontaneously	5
journey	5
loop	5
reaction	5
quantities	5
latter	5
choice	5
eventually	5
properties	5
produces	5
experimental	5
studied	5
scatter	5
clearly	5
pre	5
project	5
months	5
patterns	5
family	5
window	5
placed	5
gold	5
detecting	5
monitoring	5
forget	5
improved	5
dis	5
teeth	5
caused	5
massive	5
weight	5
jurassic	5
revealed	5
neck	5
kilograms	5
bone	5
total	5
focused	5
gastroliths	5
conventional	5
fast	5
struck	5
carousel	5
traumatic	5
victims	5
block	5
night	5
alter	5
hypothesis	5
subject	5
looking	5
touch	5
screen	5
thinks	5
grows	5
infested	5
emitted	5
hurricanes	5
residents	5
prediction	5
intensity	5
forecast	5
shelter	5
social	5
temperature	5
lapenta	5
hooke	5
pigments	5
cards	5
bowls	5
polymer	5
love	5
sled	5
feather	4
features	4
unifying	4
ready	4
restore	4
giant	4
adapted	4
stone	4
smells	4
respond	4
hearts	4
ann	4
greenemeier	4
stop	4
fruits	4
german	4
alice	4
dead	4
untreatable	4
maryn	4
mckenna	4
supply	4
skeptic	4
mirsky	4
twitter	4
stanford	4
agency	4
minds	4
class	4
resources	4
lawrence	4
massachusetts	4
program	4
washington	4
partner	4
relativity	4
various	4
whole	4
task	4
spacetime	4
starting	4
smart	4
personalized	4
action	4
imprint	4
regular	4
wanted	4
books	4
former	4
practice	4
false	4
error	4
net	4
merely	4
predictive	4
techniques	4
police	4
actual	4
obvious	4
primarily	4
eight	4
sent	4
young	4
white	4
lose	4
pass	4
culture	4
coming	4
drought	4
extremely	4
ensure	4
review	4
return	4
copy	4
advertising	4
electronic	4
products	4
moyer	4
ashley	4
peter	4
options	4
starts	4
include	4
activity	4
answers	4
stand	4
route	4
receive	4
nutrition	4
money	4
farm	4
depart	4
market	4
conservation	4
programs	4
determines	4
federal	4
intended	4
extra	4
dangerous	4
soft	4
dropped	4
children	4
costly	4
col	4
geneva	4
trend	4
discoveries	4
helping	4
writing	4
apparent	4
constraints	4
friends	4
somewhere	4
teams	4
wound	4
behavior	4
approaching	4
degrees	4
places	4
leads	4
begin	4
cosmic	4
collaboration	4
atlas	4
ultimate	4
slac	4
exist	4
heavier	4
masses	4
ﬁthere	4
symmetry	4
superparticles	4
supposed	4
cancel	4
vital	4
worldwide	4
channels	4
organism	4
provided	4
threat	4
related	4
potentially	4
source	4
evolving	4
micro	4
storage	4
combination	4
safe	4
rare	4
author	4
prime	4
solution	4
goldbach	4
colleague	4
moreover	4
words	4
strategy	4
oil	4
electric	4
transportation	4
capture	4
phys	4
factor	4
anticipated	4
invented	4
happen	4
rise	4
india	4
throughout	4
launched	4
phobos	4
craft	4
samples	4
died	4
august	4
station	4
orbit	4
causes	4
accident	4
western	4
exactly	4
main	4
controls	4
alone	4
ate	4
association	4
communication	4
maybe	4
wrote	4
cable	4
chair	4
movement	4
era	4
observed	4
heads	4
blog	4
links	4
infectious	4
pandori	4
resis	4
contained	4
treating	4
anyone	4
bacterial	4
emerging	4
syphilis	4
treated	4
symptoms	4
sex	4
woman	4
ceftriaxone	4
impossible	4
std	4
explains	4
fewer	4
phone	4
perfect	4
speeds	4
covered	4
credit	4
tube	4
seek	4
visible	4
rich	4
subway	4
outcome	4
precise	4
forms	4
greatest	4
devel	4
ordinary	4
interactions	4
alternative	4
inter	4
behaves	4
gravitons	4
double	4
principle	4
interact	4
equal	4
qcd	4
external	4
distance	4
original	4
concrete	4
formula	4
front	4
principles	4
viewing	4
call	4
dimensions	4
explain	4
proved	4
reactions	4
stephen	4
hawking	4
brilliant	4
issue	4
involved	4
kinds	4
sophisticated	4
plans	4
trials	4
distinguish	4
sending	4
scans	4
grown	4
scan	4
keeps	4
implant	4
opened	4
length	4
zrenner	4
top	4
indi	4
additional	4
breast	4
specialized	4
monitors	4
needs	4
sends	4
neuroscientists	4
includes	4
classic	4
column	4
museum	4
horned	4
georgia	4
vertebrae	4
hit	4
titanosaurs	4
nesting	4
containing	4
relatively	4
pattern	4
mineral	4
therefore	4
genera	4
tooth	4
stones	4
wings	4
helps	4
lungs	4
intense	4
experiment	4
safety	4
situations	4
forgetting	4
sacktor	4
neuron	4
bang	4
pkmzeta	4
erase	4
consolidation	4
line	4
emotionally	4
norepinephrine	4
pitman	4
emotional	4
typically	4
stories	4
subjects	4
hospital	4
road	4
reminder	4
rothbaum	4
odors	4
davis	4
allows	4
rats	4
fragrance	4
vine	4
stem	4
isolated	4
cotton	4
caterpillars	4
airborne	4
beans	4
eaten	4
olfactory	4
thunderstorm	4
sky	4
winds	4
states	4
precipitation	4
polarization	4
angle	4
maps	4
phones	4
microwave	4
resolution	4
modeling	4
orderly	4
ret	4
vukusic	4
mouse	4
feel	4
computing	4
equation	4
volume	3
peacock	3
calculational	3
studios	3
triumph	3
titans	3
viewed	3
neuroscience	3
therapies	3
recollections	3
jerry	3
adler	3
beginning	3
myriad	3
pictures	3
ails	3
save	3
lubchenco	3
jack	3
hayes	3
photonics	3
ball	3
innovation	3
professional	3
wants	3
subscription	3
reprints	3
canada	3
forum	3
mexican	3
sitting	3
gast	3
bugs	3
epidural	3
chu	3
stuck	3
pogue	3
recommended	3
anna	3
kuchment	3
anti	3
graphic	3
matson	3
foundation	3
pennsylvania	3
distinguished	3
johns	3
hopkins	3
princeton	3
projects	3
nobel	3
prize	3
allen	3
krauss	3
oxford	3
cornell	3
carnegie	3
lisa	3
cambridge	3
soil	3
publisher	3
austin	3
cor	3
intractable	3
apart	3
shapes	3
fascinating	3
nano	3
imminent	3
manage	3
meet	3
member	3
blogs	3
authors	3
site	3
sur	3
side	3
valid	3
positive	3
illustrates	3
ﬁif	3
measures	3
individuals	3
avoids	3
populations	3
predicted	3
gets	3
communities	3
criminal	3
trained	3
continue	3
millennium	3
unfortunately	3
reuse	3
heard	3
add	3
desalination	3
previous	3
apparently	3
interesting	3
issues	3
ian	3
graphics	3
jen	3
christiansen	3
assistant	3
chin	3
eric	3
bryan	3
trademark	3
responsible	3
order	3
contact	3
angela	3
vice	3
stan	3
digital	3
publishing	3
media	3
custom	3
castelvecchi	3
aspects	3
intelligent	3
conscious	3
gener	3
machines	3
novel	3
ﬁit	3
correct	3
conceivable	3
went	3
diet	3
agricultural	3
policies	3
obesity	3
indirect	3
dollars	3
vegetables	3
providing	3
paid	3
crop	3
agriculture	3
temporary	3
prices	3
commodity	3
contains	3
linked	3
cheap	3
processed	3
foods	3
sweet	3
adults	3
choices	3
pay	3
spectrum	3
decisions	3
relations	3
biggest	3
countries	3
unprecedented	3
globe	3
insight	3
members	3
cultural	3
mexico	3
broken	3
rules	3
kept	3
reduced	3
hail	3
readings	3
mysteries	3
polesello	3
detectors	3
introduced	3
step	3
smashing	3
divided	3
equivalent	3
searching	3
situation	3
excluded	3
joseph	3
target	3
interaction	3
cancellations	3
partial	3
plan	3
exotic	3
exclude	3
fade	3
ecology	3
red	3
motion	3
survive	3
bay	3
humacao	3
preserve	3
army	3
ecologist	3
melting	3
microbial	3
pose	3
marine	3
regions	3
rest	3
sit	3
dioxide	3
emissions	3
labor	3
relief	3
spinal	3
indicator	3
believes	3
oldest	3
mathematician	3
angeles	3
reaching	3
primes	3
checked	3
combined	3
hopes	3
challenge	3
watch	3
field	3
batteries	3
useful	3
certainly	3
generation	3
consistent	3
fuel	3
wind	3
inexpensive	3
game	3
battery	3
sugars	3
areas	3
careful	3
approximate	3
amount	3
division	3
movies	3
relation	3
illegal	3
ticket	3
movie	3
danaher	3
noticed	3
release	3
controlling	3
content	3
biju	3
november	3
mission	3
valuable	3
supplies	3
fell	3
progress	3
communications	3
military	3
amazingly	3
fears	3
knowledge	3
moment	3
added	3
preventing	3
mice	3
stars	3
setting	3
alda	3
pop	3
launch	3
rock	3
ahead	3
profoundly	3
note	3
collusion	3
visual	3
sites	3
visit	3
invisible	3
strain	3
wondered	3
procedure	3
cephalosporin	3
meaning	3
warned	3
worse	3
slow	3
neither	3
cali	3
microscope	3
east	3
west	3
cured	3
received	3
july	3
older	3
move	3
killed	3
recognized	3
dish	3
collecting	3
recognize	3
reveal	3
reached	3
normal	3
attempts	3
frequently	3
wire	3
account	3
windows	3
broadcast	3
routes	3
face	3
debris	3
limits	3
strange	3
provides	3
processes	3
hopelessly	3
daunting	3
unable	3
amounts	3
applications	3
looks	3
ita	3
actions	3
governed	3
twist	3
nonsensical	3
sup	3
albeit	3
graviton	3
property	3
rider	3
draw	3
electrons	3
calculation	3
interacting	3
electromagnetic	3
considering	3
measurable	3
strength	3
vanish	3
represented	3
adding	3
producing	3
precision	3
involving	3
drive	3
understood	3
happens	3
behind	3
pressure	3
govern	3
shoot	3
jets	3
tough	3
extraordinary	3
impression	3
neutrinos	3
escape	3
lack	3
unless	3
maître	3
pair	3
uses	3
else	3
destined	3
popping	3
absence	3
self	3
enabled	3
glimpse	3
play	3
turns	3
blind	3
apple	3
thanks	3
implanted	3
retina	3
eyes	3
impulses	3
electrode	3
stronger	3
sequencing	3
remained	3
map	3
realize	3
objects	3
especially	3
implants	3
frequency	3
coil	3
plastic	3
interpret	3
scale	3
biomedical	3
tissue	3
chronic	3
tested	3
impending	3
particularly	3
glucose	3
guiding	3
http	3
schizophrenia	3
depression	3
psychiatrists	3
disorders	3
biomarkers	3
convinced	3
cortisol	3
muscle	3
christopher	3
formerly	3
sizes	3
preceding	3
fossils	3
english	3
reptiles	3
enormous	3
skeleton	3
handful	3
sau	3
spe	3
vertebrate	3
changing	3
century	3
fossil	3
necks	3
duration	3
diverse	3
thinking	3
ground	3
fossilized	3
titanosaur	3
area	3
sat	3
proximity	3
whales	3
reaches	3
remodeling	3
indicate	3
generally	3
mammals	3
bar	3
competing	3
daniela	3
indeed	3
wear	3
processing	3
hypothesized	3
scarce	3
incredibly	3
sys	3
extract	3
sauro	3
drawn	3
packed	3
chicago	3
snake	3
snakes	3
position	3
origin	3
connected	3
allowing	3
breath	3
identical	3
primary	3
essentially	3
osteo	3
madagascar	3
hollow	3
elements	3
calcium	3
sees	3
combat	3
spaces	3
sudden	3
loud	3
veteran	3
views	3
phobias	3
psychological	3
potentiation	3
forming	3
biochemical	3
formation	3
blocking	3
exploit	3
releases	3
amygdala	3
investigated	3
toxic	3
recalled	3
mcgaugh	3
neutral	3
sooner	3
emory	3
sweat	3
mechanisms	3
cage	3
message	3
structure	3
receptor	3
incident	3
bitten	3
phelps	3
ledoux	3
reconsolidation	3
persists	3
yale	3
lacks	3
host	3
seed	3
random	3
moraes	3
insects	3
empty	3
pots	3
thereby	3
perfume	3
eau	3
swabs	3
eavesdropping	3
willow	3
bean	3
rhoades	3
baldwin	3
insect	3
nectar	3
planck	3
gases	3
detected	3
farther	3
fat	3
hour	3
comput	3
south	3
thunderstorms	3
forsyth	3
norman	3
ongoing	3
dual	3
nation	3
capabilities	3
heinselman	3
sample	3
environment	3
leo	3
hardware	3
infrared	3
grid	3
hundred	3
grids	3
squid	3
morpho	3
nanostructures	3
counterfeit	3
dimples	3
pete	3
scat	3
rods	3
cuticle	3
parotia	3
prum	3
titanium	3
oxide	3
droplets	3
morse	3
opaque	3
matrices	3
keratin	3
bubble	3
crystal	3
futurist	3
tomorrow	3
sort	3
designed	3
birkhead	3
native	3
ambergris	3
creator	3
god	3
hbp	3
friend	3
stores	3
educational	3
households	3
stymied	2
expressed	2
breaks	2
kenn	2
mondolithic	2
sequencers	2
remarkably	2
thrived	2
modify	2
botany	2
botanists	2
forensic	2
telltale	2
autopsies	2
jane	2
seer	2
chipmaker	2
interview	2
institutional	2
send	2
agenda	2
glaucoma	2
roscosmos	2
technofiles	2
cut	2
moon	2
mercury	2
lunar	2
shared	2
mars	2
examined	2
nuclear	2
mariette	2
nick	2
higgins	2
anthropological	2
roger	2
burrill	2
arthur	2
park	2
bioengineering	2
deputy	2
gross	2
renewable	2
appropriate	2
berkeley	2
khosla	2
founder	2
koch	2
cognitive	2
initiative	2
management	2
moore	2
microbiology	2
mellon	2
dynamics	2
diego	2
cosmology	2
columbia	2
executive	2
education	2
viral	2
venture	2
partners	2
optics	2
jonathan	2
mechanics	2
chal	2
bringing	2
ﬁloops	2
concerns	2
easiest	2
print	2
tablet	2
apps	2
focus	2
straus	2
giroux	2
conferences	2
expect	2
planets	2
app	2
screening	2
stats	2
radiology	2
educating	2
surgeons	2
impor	2
positives	2
paulos	2
treatments	2
ranging	2
cancers	2
receives	2
avoid	2
via	2
policing	2
discussion	2
reinforce	2
injustice	2
neighborhoods	2
arrests	2
bias	2
racial	2
documented	2
examples	2
whites	2
wealthier	2
respect	2
engage	2
behaviors	2
rep	2
tainted	2
jobs	2
gist	2
gleick	2
political	2
aversion	2
drink	2
cities	2
wasteful	2
achieved	2
mil	2
arguably	2
victoria	2
please	2
chapter	2
factors	2
january	2
monica	2
video	2
christie	2
edward	2
bell	2
payments	2
bulk	2
articles	2
minimum	2
permissions	2
permission	2
christian	2
jeremy	2
abbate	2
promotion	2
diane	2
maria	2
quality	2
musser	2
gary	2
biello	2
harmon	2
jabr	2
podcast	2
contributing	2
collins	2
simpson	2
administrator	2
secretary	2
edited	2
ﬁin	2
capability	2
accomplish	2
tipping	2
anticipate	2
midcentury	2
responded	2
singu	2
silicon	2
personality	2
anoth	2
platform	2
agree	2
skep	2
hold	2
insulin	2
cookies	2
largely	2
pub	2
cross	2
supermarkets	2
restaurants	2
rail	2
imperative	2
strongly	2
correlated	2
excess	2
dietary	2
schools	2
favor	2
piece	2
covers	2
originally	2
producers	2
crops	2
driving	2
fatty	2
ratio	2
beverages	2
rose	2
families	2
stay	2
healthier	2
recommend	2
playing	2
extending	2
remove	2
oliver	2
boundary	2
nations	2
collaborations	2
intuition	2
solving	2
discipline	2
quarters	2
bound	2
wall	2
dif	2
relax	2
edge	2
worried	2
willing	2
challenging	2
prob	2
paris	2
french	2
easily	2
alexander	2
alive	2
confer	2
dialogue	2
meeting	2
syn	2
contribute	2
december	2
graduated	2
china	2
universities	2
grand	2
scheme	2
contemplated	2
wonder	2
phenomena	2
operates	2
according	2
update	2
presented	2
italian	2
fermions	2
bosons	2
speaking	2
constituents	2
electro	2
fermion	2
beautiful	2
peskin	2
accelerator	2
energies	2
signs	2
none	2
viable	2
expecting	2
unrealistic	2
super	2
weigh	2
lies	2
exception	2
ironically	2
predicts	2
proves	2
composite	2
tions	2
lie	2
ﬁevery	2
wider	2
ranges	2
usefulness	2
exciting	2
nobody	2
šdavide	2
clues	2
bays	2
bahamense	2
opening	2
narrow	2
caribbean	2
serve	2
tide	2
surprise	2
šcheryl	2
glaciers	2
ancient	2
ant	2
harsh	2
sheets	2
planet	2
alarming	2
montana	2
summers	2
cores	2
warming	2
millennia	2
immediate	2
organic	2
meth	2
decay	2
exchanging	2
traits	2
endanger	2
consequences	2
katz	2
writer	2
cold	2
mother	2
handle	2
administered	2
cord	2
instances	2
controversial	2
sections	2
deliver	2
vacuum	2
followed	2
newborn	2
non	2
babies	2
born	2
fevers	2
remaining	2
minimize	2
asking	2
patent	2
grasp	2
except	2
besides	2
sheer	2
centuries	2
encrypting	2
implies	2
mathematicians	2
validity	2
statements	2
exceptions	2
sparse	2
bring	2
splitting	2
eveleth	2
futuristic	2
dence	2
elec	2
decrease	2
trucks	2
private	2
consume	2
coal	2
biofuels	2
competition	2
ment	2
feed	2
diesel	2
metabolic	2
generates	2
weird	2
learned	2
photovoltaics	2
remain	2
competitive	2
manufacturing	2
inches	2
estimate	2
rising	2
conversations	2
hurt	2
economists	2
downloads	2
shadowy	2
clever	2
hollywood	2
wait	2
weeks	2
premier	2
released	2
genres	2
mentioned	2
steer	2
šmichael	2
eastern	2
sathyabhama	2
das	2
delhi	2
northern	2
russia	2
obtain	2
week	2
successfully	2
worst	2
admitted	2
fun	2
screened	2
rays	2
designer	2
admit	2
accidents	2
falling	2
attract	2
motivate	2
questionable	2
cure	2
oberg	2
erdman	2
geneticist	2
alm	2
females	2
ani	2
meant	2
density	2
outward	2
measuring	2
diets	2
looked	2
entertainers	2
sticking	2
alan	2
contest	2
singer	2
björk	2
album	2
classes	2
crystalline	2
viruses	2
promotes	2
ence	2
sliding	2
ﬁand	2
endangered	2
union	2
concerned	2
tails	2
corrupt	2
expense	2
category	2
firefox	2
browser	2
surf	2
option	2
writes	2
berger	2
reports	2
francisco	2
asia	2
heading	2
iden	2
isolating	2
gon	2
reliably	2
barry	2
surveillance	2
cdc	2
susceptibility	2
unusually	2
doses	2
reasons	2
abundant	2
widespread	2
damage	2
sexually	2
stds	2
infects	2
defenses	2
vanquished	2
saw	2
infections	2
clinic	2
oral	2
dos	2
travel	2
controlled	2
france	2
ﬁonce	2
dealing	2
intact	2
routinely	2
febru	2
argues	2
necessary	2
sensi	2
easy	2
sam	2
becoming	2
physi	2
aware	2
meanwhile	2
encourage	2
investigating	2
targeted	2
bold	2
worrying	2
percentage	2
cultures	2
antibiotic	2
fallen	2
hidden	2
base	2
laptop	2
mystery	2
hills	2
wired	2
link	2
switches	2
charge	2
stays	2
matters	2
hazards	2
glenn	2
secure	2
ﬁbut	2
ses	2
bank	2
tip	2
ﬁfree	2
whenever	2
enjoy	2
wirelessly	2
fail	2
pcs	2
chris	2
entered	2
stranger	2
wimbledon	2
realized	2
machine	2
glance	2
outcomes	2
graduate	2
concepts	2
passenger	2
accurately	2
revolution	2
iconic	2
limit	2
copies	2
discuss	2
interested	2
experimenters	2
harald	2
limited	2
trick	2
radical	2
unexpected	2
notably	2
assumed	2
feyn	2
concept	2
analogous	2
laid	2
qed	2
quantity	2
approximately	2
collide	2
repelling	2
visualize	2
gluon	2
analogy	2
word	2
calcu	2
messy	2
parti	2
observable	2
shorter	2
quan	2
calculate	2
extension	2
zero	2
formulas	2
collapse	2
term	2
slightly	2
outlines	2
standards	2
entirely	2
technically	2
roots	2
distinction	2
repeatedly	2
spurious	2
leave	2
stations	2
entering	2
droplet	2
simpler	2
watches	2
exceptionally	2
slam	2
imagined	2
instruments	2
precisely	2
missing	2
estimates	2
pull	2
tha	2
inspired	2
febres	2
cordero	2
tel	2
aviv	2
excellent	2
aided	2
neutrino	2
appeared	2
undiscovered	2
intensively	2
pursue	2
accord	2
strings	2
encountered	2
cam	2
shortcuts	2
conclusions	2
roiban	2
students	2
wine	2
catch	2
persist	2
translate	2
check	2
barolo	2
degree	2
persuade	2
improvements	2
letting	2
implications	2
secrets	2
tales	2
june	2
photographs	2
promising	2
electronics	2
miniaturization	2
sciences	2
laying	2
organs	2
suggest	2
compact	2
smelling	2
retinitis	2
pigmentosa	2
lining	2
central	2
hints	2
embedded	2
replaced	2
convert	2
shines	2
optic	2
nerve	2
bionic	2
expected	2
stood	2
hits	2
illnesses	2
argue	2
physician	2
useless	2
lots	2
spit	2
possessed	2
variants	2
likelihood	2
disorder	2
measured	2
dramatically	2
surgery	2
vulnerable	2
brightness	2
underneath	2
ear	2
housed	2
completes	2
outer	2
geographic	2
instruct	2
detection	2
zeroing	2
earliest	2
nanometers	2
meter	2
lined	2
stage	2
colon	2
vessel	2
silica	2
home	2
nanoparticle	2
attempting	2
perform	2
guesswork	2
solely	2
stopped	2
attacks	2
angel	2
guard	2
pacemaker	2
tracks	2
timing	2
alert	2
cardiac	2
adminis	2
sensor	2
bahn	2
mood	2
hormone	2
bdnf	2
restricted	2
similarly	2
ridge	2
bioengineer	2
pat	2
enable	2
subtle	2
circuit	2
photograph	2
skull	2
pillarlike	2
legs	2
snout	2
architecture	2
sir	2
owen	2
dino	2
aquatic	2
crocodile	2
cetiosaurus	2
ﬁwhale	2
paleontologists	2
herbivores	2
scien	2
creta	2
duckbilled	2
outcompeted	2
hemisphere	2
impact	2
terrestrial	2
paleontologist	2
reptilelike	2
crowds	2
silence	2
awe	2
diplodocus	2
muse	2
waiting	2
begins	2
reptile	2
bipedal	2
argentina	2
bear	2
signature	2
walking	2
bearing	2
elaborate	2
plate	2
spikes	2
twilight	2
successful	2
lizards	2
reproductive	2
habits	2
hatched	2
auca	2
mahuevo	2
thousands	2
egg	2
clutch	2
convincing	2
vertebrates	2
elephants	2
reptilian	2
norm	2
insights	2
extinct	2
cavities	2
vessels	2
represents	2
timelineindicates	2
midpoint	2
coexisted	2
agoappearance	2
decline	2
sidelines	2
herbivorous	2
berlin	2
marks	2
jaw	2
analyses	2
employed	2
distinctive	2
vegetation	2
required	2
digestion	2
notion	2
relied	2
whitlock	2
british	2
persisted	2
vertebral	2
varied	2
dining	2
bodies	2
dental	2
niger	2
broad	2
replacement	2
twice	2
predators	2
horizontal	2
document	2
forage	2
enhanced	2
sacs	2
verte	2
maintain	2
elevated	2
bony	2
covering	2
resolve	2
centimeters	2
rapetosaurus	2
internally	2
invaluable	2
droughts	2
forced	2
frequent	2
possibility	2
opposite	2
disaster	2
plos	2
rotating	2
foot	2
reinforcement	2
exhaustion	2
jus	2
intervention	2
contexts	2
circumstances	2
street	2
indelible	2
mirror	2
paradigm	2
artist	2
spider	2
glass	2
milk	2
continuous	2
cellular	2
therapy	2
lawyers	2
walk	2
hippocampus	2
erased	2
involves	2
ltp	2
hearing	2
receptors	2
unstable	2
activates	2
acts	2
memo	2
blotting	2
remember	2
meal	2
fearful	2
synthesis	2
famous	2
candidate	2
beta	2
fright	2
assault	2
removal	2
administration	2
episodic	2
valence	2
irvine	2
cahill	2
proprano	2
variations	2
boy	2
car	2
jury	2
damages	2
charged	2
encouraging	2
preexisting	2
obtained	2
wheel	2
imaginary	2
signify	2
anxiety	2
trau	2
mixed	2
frightening	2
shut	2
recovery	2
exposed	2
evocative	2
logic	2
induced	2
basics	2
occurs	2
parts	2
activated	2
weakened	2
mem	2
concludes	2
lion	2
reluctant	2
survival	2
pretty	2
obviously	2
improvement	2
wires	2
conditioned	2
elizabeth	2
paper	2
nader	2
researcher	2
feature	2
mea	2
condi	2
schiller	2
combines	2
parasitic	2
die	2
movements	2
scent	2
fatal	2
bends	2
carry	2
signaling	2
vines	2
boxes	2
sticks	2
solvents	2
odor	2
gordon	2
share	2
branches	2
schultz	2
cages	2
bouquet	2
biologists	2
hosts	2
upcoming	2
max	2
chose	2
foraged	2
setup	2
continued	2
emit	2
bag	2
directions	2
essen	2
depending	2
aromas	2
surely	2
autopsy	2
lower	2
gunshot	2
cen	2
obese	2
importance	2
deaths	2
determining	2
child	2
exceeding	2
town	2
homes	2
claiming	2
twister	2
evening	2
issued	2
outlook	2
prepare	2
ﬁseeﬂ	2
weath	2
paired	2
recorded	2
twisters	2
atmospheric	2
absorb	2
plays	2
torna	2
nascent	2
raindrops	2
dust	2
velocities	2
exam	2
critical	2
rain	2
rainfall	2
occurring	2
tropical	2
irene	2
elevation	2
slice	2
lowest	2
highest	2
oceans	2
delivery	2
beams	2
eliminating	2
broader	2
supplement	2
altitude	2
transmit	2
fair	2
spur	2
ﬁbeing	2
acting	2
facebook	2
messages	2
pole	2
moisture	2
uncertainty	2
lightning	2
jumps	2
billions	2
layer	2
translation	2
enables	2
investments	2
disasters	2
boost	2
dazzling	2
hues	2
ridges	2
spacing	2
sunlight	2
arranged	2
displays	2
struc	2
sport	2
organized	2
disorderly	2
authentication	2
sides	2
mohan	2
christmas	2
angles	2
reducing	2
iridescence	2
refraction	2
retions	2
liquid	2
doekele	2
stavenga	2
groningen	2
rainbow	2
melanin	2
paradise	2
switch	2
abruptly	2
inset	2
nanostructure	2
nanosponges	2
band	2
tight	2
matrix	2
voids	2
sponges	2
wiesner	2
aluminum	2
microscopes	2
wavelength	2
vapor	2
condense	2
pack	2
sets	2
reversible	2
cyphochilus	2
beetle	2
bubbles	2
separates	2
coatings	2
aphrodita	2
corporation	2
microprocessors	2
existed	2
inspiration	2
humanity	2
voice	2
andrew	2
becomes	2
gps	2
literally	2
hub	2
house	2
superconducting	2
lawn	2
maintenance	2
motionšit	2
robotics	2
imagina	2
futur	2
architect	2
entertainment	2
job	2
requirements	2
engaging	2
inte	2
devoted	2
catlin	2
seaview	2
survey	2
sykes	2
kemp	2
sperm	2
rational	2
supernatural	2
exploring	2
ﬁsomethingﬂ	2
multiverse	2
hypotheses	2
creation	2
expansion	2
gravitational	2
stewart	2
possession	2
inequality	2
ops	2
fans	2
automotive	2
retail	2
customer	2
invention	2
vehicle	2
engraving	2
coasting	2
ray	2
gamma	2
prepared	2
convenience	2
gallagh	2
grocery	2
darrell	1
gulin	1
stylized	1
logjam	1
solves	1
pitiably	1
ungainly	1
erasing	1
cast	1
appreciate	1
biochemically	1
chinmeteorology	1
nanomaterials	1
asks	1
inquiries	1
sacust	1
departments	1
penalizing	1
veggies	1
catching	1
depends	1
availability	1
marsšoh	1
planetary	1
conference	1
pored	1
dichristin	1
find	1
mdichristina	1
advisers	1
leslie	1
aiello	1
bingham	1
ceo	1
caplan	1
emanuel	1
hart	1
bioethics	1
church	1
rita	1
colwell	1
maryland	1
bloomberg	1
drew	1
endy	1
felten	1
kaigham	1
gabriel	1
defense	1
gazzaniga	1
sage	1
frederick	1
gluck	1
lene	1
vestergaard	1
hau	1
mallinckrodt	1
danny	1
hillis	1
kammen	1
vinod	1
ventures	1
christof	1
cso	1
lois	1
victor	1
troendle	1
origins	1
arizona	1
morten	1
kringelbach	1
hedonia	1
trygfonden	1
aarhus	1
kyle	1
economics	1
langer	1
lessig	1
ernest	1
moniz	1
cecil	1
ida	1
immunology	1
weill	1
granger	1
morgan	1
miguel	1
nicolelis	1
neuroengineering	1
duke	1
nowak	1
palazzo	1
rensselaer	1
polytechnic	1
carolyn	1
porco	1
leader	1
cassini	1
ciclops	1
vilayanur	1
ramachandran	1
cognition	1
randall	1
rees	1
astrophysics	1
reganold	1
regents	1
eugenie	1
scott	1
terry	1
sejnowski	1
neurobiology	1
salk	1
snyder	1
webber	1
weinberg	1
whitesides	1
chemistry	1
nathan	1
wolfe	1
woolsey	1
vantagepoint	1
anton	1
zeilinger	1
nanophysics	1
vienna	1
zittrain	1
unify	1
sculpts	1
stubbornly	1
yetštaking	1
tactic	1
enormously	1
eases	1
hypothetical	1
ﬁgraviton	1
unity	1
armchair	1
journe	1
sto	1
earthly	1
maintaining	1
ranks	1
elimi	1
arrive	1
welcome	1
feedback	1
ﬁjustﬂ	1
longest	1
continuously	1
monthly	1
newest	1
familyša	1
sister	1
farrar	1
fsg	1
voices	1
attended	1
visited	1
otherwise	1
canvassed	1
ﬁwhat	1
ipad	1
longtime	1
negatives	1
mantra	1
diagnosis	1
independent	1
performing	1
prescribing	1
pharmaceuticals	1
applaud	1
theme	1
ﬁweigh	1
positivesﬂ	1
argument	1
statistical	1
mammogra	1
monu	1
stating	1
subjected	1
harmful	1
chemotherapy	1
mammography	1
antigen	1
biopsy	1
cyn	1
watchdogs	1
cite	1
excessive	1
overtreat	1
invokes	1
prejudice	1
vlahos	1
mentions	1
prejudging	1
consequence	1
ﬁcrime	1
biases	1
deeply	1
criminalize	1
deepen	1
focusing	1
arresting	1
fac	1
deepening	1
reduction	1
ethnic	1
divides	1
justice	1
discrepancies	1
ﬁcrackﬂ	1
cocaine	1
penalties	1
powdered	1
meaningful	1
crack	1
incarcerated	1
poor	1
convicted	1
prison	1
poorer	1
nonwhite	1
counterparts	1
vote	1
futures	1
overrated	1
mega	1
droughtﬂ	1
špeter	1
matthew	1
essay	1
pos	1
repeated	1
southwestern	1
rings	1
comments	1
praising	1
austra	1
context	1
aus	1
ﬁwould	1
poo	1
capacity	1
wimborne	1
disastrously	1
megadollars	1
pipeline	1
mothballed	1
agri	1
irrigation	1
dividing	1
melbourne	1
toilets	1
unnec	1
subsidizing	1
harvesting	1
roof	1
australia	1
heberger	1
replies	1
raise	1
delve	1
ening	1
ryan	1
reid	1
photography	1
bradley	1
olsen	1
consultant	1
hunt	1
michelle	1
wright	1
contributors	1
caitlin	1
choi	1
subscriptions	1
address	1
submissions	1
winner	1
award	1
excellence	1
cesaro	1
kerrissa	1
lynch	1
florek	1
voss	1
schmidt	1
wendy	1
elman	1
adviser	1
bruce	1
brandfon	1
dorbandt	1
catherine	1
bussey	1
courage	1
patricia	1
elliott	1
tirpack	1
schube	1
rick	1
simone	1
chantel	1
arroyo	1
ancillary	1
mcgarvey	1
pallatroni	1
mike	1
kelly	1
carey	1
tse	1
zoya	1
lysack	1
inchcoombe	1
christina	1
hippeli	1
carl	1
cherebin	1
prepress	1
silvia	1
santis	1
madelyn	1
coordinator	1
headley	1
robin	1
lloyd	1
fischetti	1
christine	1
gorman	1
stix	1
kate	1
wong	1
katherine	1
ferris	1
bora	1
zivkovic	1
alpert	1
davide	1
graham	1
deborah	1
franklin	1
rennie	1
sarah	1
contributor	1
nicholson	1
avonelle	1
maya	1
harty	1
dichristina	1
fred	1
guterl	1
ricki	1
rusting	1
yam	1
mrak	1
keller	1
battaglia	1
aaron	1
shattuck	1
responsesﬂ	1
confuses	1
emergence	1
milestones	1
ﬁsingularityﬂ	1
replicator	1
comprehend	1
transference	1
assumes	1
creations	1
turing	1
distin	1
assert	1
supercomputer	1
zanzibar	1
ﬁare	1
entity	1
suspect	1
somewhat	1
autono	1
established	1
cyborg	1
transferring	1
marginally	1
ﬁcloneﬂ	1
transplant	1
adopt	1
bedford	1
opinion	1
piotr	1
powietrzynski	1
gro	1
shopping	1
dollar	1
adam	1
ski	1
specter	1
purchase	1
potato	1
carrots	1
antiquated	1
backing	1
overabundance	1
battling	1
ill	1
align	1
third	1
politicsšnever	1
touched	1
tag	1
arthritis	1
poundage	1
bills	1
poured	1
bil	1
campaigns	1
myplate	1
recommendation	1
consumption	1
aimed	1
mili	1
cafeterias	1
undercut	1
skewing	1
unhealthful	1
fromšand	1
costsšis	1
determined	1
ﬁfarm	1
billﬂ	1
legislation	1
renewal	1
assistance	1
agricultur	1
operations	1
earnest	1
lifeline	1
farmers	1
paying	1
commod	1
soy	1
automatic	1
growers	1
meats	1
cows	1
raised	1
meat	1
acids	1
acidsša	1
staple	1
breakfast	1
cereals	1
drinks	1
sweetened	1
syrup	1
consumed	1
budget	1
deci	1
chicken	1
nugget	1
syrupœsweetened	1
categorizes	1
ﬁspecialty	1
cropsﬂ	1
tightening	1
belt	1
fall	1
lawmakers	1
barack	1
obama	1
leaders	1
senate	1
committee	1
forestry	1
cutting	1
dearth	1
wood	1
leveling	1
vegetable	1
purchasing	1
lunch	1
buy	1
perverse	1
incentives	1
unhealthily	1
lehigh	1
commentary	1
munday	1
jason	1
arias	1
rivals	1
soccer	1
achievements	1
labora	1
nine	1
sars	1
onavirus	1
chase	1
lider	1
dot	1
underappreciat	1
actu	1
cliché	1
thinkingša	1
chemist	1
sharing	1
optimal	1
energized	1
collaborated	1
cui	1
hiking	1
chalkboard	1
irreconcil	1
suspensions	1
particlesšare	1
encompass	1
unknowns	1
bumps	1
conditionsšrules	1
impassibility	1
cohorts	1
tractable	1
reminding	1
stray	1
tentatively	1
creative	1
clash	1
viewpoints	1
bred	1
multibody	1
hydrodynamics	1
descriptions	1
swarms	1
squeeze	1
explaining	1
pastes	1
slurries	1
lesson	1
nato	1
fellowship	1
taught	1
simpli	1
clarify	1
appreciation	1
beauty	1
loads	1
von	1
humboldt	1
awardee	1
deliberate	1
tactical	1
strategic	1
opportunity	1
listen	1
ques	1
critique	1
institutions	1
sprung	1
multinational	1
singapore	1
intensely	1
scene	1
talent	1
converges	1
compete	1
king	1
abdullah	1
cohort	1
saudi	1
arabia	1
coun	1
labs	1
institutes	1
hubs	1
tackle	1
hardest	1
boundaries	1
demands	1
proceed	1
broadening	1
experiences	1
ﬁthink	1
ﬁconnect	1
dotsﬂ	1
dispatches	1
frontiers	1
citations	1
maximilien	1
brice	1
cernphysics	1
wish	1
lists	1
surfaces	1
shadow	1
elegantly	1
unexplained	1
betray	1
unseen	1
ﬁwherever	1
nothingšthat	1
deviations	1
giacomo	1
pavia	1
cathe	1
ring	1
alps	1
quintessential	1
carriers	1
funda	1
magnetism	1
ﬁsuperpartnerﬂ	1
symmetric	1
monumental	1
oomph	1
trillion	1
volts	1
apiece	1
generate	1
expectations	1
cooperated	1
hoped	1
ﬁto	1
bluntly	1
ruled	1
echoes	1
hopeful	1
lykken	1
constitute	1
tenths	1
modestly	1
yield	1
paradoxical	1
scope	1
liminary	1
heretofore	1
underappreciated	1
lynn	1
modelšif	1
devised	1
ticles	1
posites	1
tunately	1
christophe	1
grojean	1
mensions	1
forever	1
ﬁright	1
gian	1
francesco	1
giudice	1
accumulate	1
strictly	1
disprove	1
supporters	1
blow	1
presume	1
physicsšnot	1
uncover	1
bioluminescence	1
bioluminescent	1
rarest	1
fragile	1
pyrodinium	1
lagoon	1
vitamin	1
glow	1
disturbed	1
puerto	1
nat	1
corps	1
saltwater	1
ﬁalong	1
gradu	1
student	1
hoping	1
biolumines	1
ﬁbecause	1
rusty	1
feagin	1
coastal	1
itšbefore	1
lights	1
lyn	1
dybas	1
jesse	1
aster	1
sheet	1
liberate	1
locked	1
frozen	1
vaults	1
greenland	1
awaits	1
chance	1
inhospitable	1
gigan	1
reservoir	1
trapped	1
walked	1
likes	1
pleistocene	1
priscu	1
austral	1
calls	1
divide	1
greenhouse	1
investigators	1
suspended	1
anima	1
climates	1
fro	1
moons	1
dumped	1
piles	1
decompos	1
cli	1
gaining	1
ecological	1
niches	1
prizes	1
glacier	1
antarc	1
blaine	1
harrington	1
iii	1
corbis	1
medicineweighing	1
opt	1
expectant	1
faces	1
childbirth	1
cent	1
dural	1
anesthetic	1
narcotic	1
injections	1
cesarean	1
forceps	1
pediatrics	1
pregnancies	1
fahrenheit	1
apgar	1
scores	1
birthšan	1
healthšas	1
febrile	1
moms	1
seizures	1
seizure	1
epi	1
durals	1
ellice	1
lieberman	1
obstetrician	1
permanent	1
sider	1
šmelinda	1
wenner	1
office	1
nearing	1
unsolved	1
bers	1
evenly	1
ber	1
terence	1
inched	1
proof	1
thrill	1
cracking	1
nut	1
eluded	1
coveted	1
sensitive	1
sibling	1
statement	1
concerning	1
leonhard	1
euler	1
digits	1
largeﬂ	1
applies	1
ﬁlots	1
tweaks	1
incomparably	1
easier	1
chances	1
lucky	1
quarter	1
death	1
apparatus	1
mapping	1
imke	1
lass	1
redux	1
fictionﬂ	1
ﬁlittle	1
weirdﬂ	1
pave	1
independence	1
domestic	1
strive	1
importing	1
ward	1
fuels	1
automo	1
investing	1
infrastruc	1
highway	1
combating	1
absolutely	1
transition	1
burning	1
threefold	1
twofold	1
throughs	1
breakthroughs	1
manufacturer	1
envia	1
investi	1
sponsored	1
pops	1
swapping	1
genomes	1
pathways	1
microbe	1
alkane	1
chains	1
precursors	1
bacterium	1
yeast	1
gotten	1
avid	1
fund	1
assisting	1
deployment	1
happened	1
stabilized	1
player	1
šyou	1
outcompeting	1
pected	1
nology	1
airplane	1
ing	1
battles	1
canš	1
shouldšwin	1
šdavid	1
stat	1
ocean	1
title	1
profile	1
seers	1
greg	1
lucier	1
rothberg	1
dawn	1
genomethe	1
candid	1
selected	1
sponsorsmedia	1
illustrator	1
joelle	1
bolt	1
ˇˆˇ	1
untangle	1
analyze	1
download	1
theater	1
unpurchased	1
contends	1
downloaders	1
lation	1
brett	1
wellesley	1
joel	1
waldfogel	1
minnesota	1
releasing	1
overseas	1
theaters	1
displaces	1
lags	1
compiled	1
database	1
leased	1
bittorrent	1
lag	1
damning	1
contention	1
apologists	1
providers	1
critter	1
limbless	1
amphibians	1
searchers	1
digging	1
locations	1
region	1
worries	1
constant	1
šrose	1
thomas	1
fuchs	1
sheds	1
failures	1
martian	1
crews	1
ﬁcavalry	1
chargeﬂ	1
redeem	1
interplanetary	1
impo	1
humiliation	1
shortly	1
disappointments	1
ship	1
headed	1
crashed	1
guidance	1
coding	1
improper	1
launches	1
spacefaring	1
ferry	1
astronauts	1
accidentsšoften	1
inept	1
errorsšthat	1
posted	1
agen	1
obliquely	1
fault	1
overwhelm	1
ingly	1
hardness	1
purchased	1
ﬁspace	1
supposedly	1
knock	1
default	1
mode	1
await	1
remedial	1
commands	1
howev	1
valery	1
ryumin	1
cosmonaut	1
builds	1
vehicles	1
told	1
echo	1
moscow	1
crash	1
ﬁof	1
worseningšwe	1
ﬁchecks	1
thorough	1
soviet	1
experienced	1
workers	1
inability	1
replacements	1
practices	1
calling	1
committees	1
punishments	1
desperately	1
recruits	1
participation	1
missions	1
šjames	1
aerospace	1
analyst	1
probiotics	1
endow	1
rodents	1
ﬁmouse	1
swaggerﬂ	1
mer	1
massa	1
chusetts	1
susan	1
junk	1
supple	1
mented	1
pli	1
includ	1
incredi	1
cosmetic	1
rating	1
follicle	1
spotted	1
projected	1
testes	1
endowed	1
testicles	1
consumers	1
masculinity	1
inseminated	1
litters	1
weaned	1
unpublished	1
probiotic	1
leaner	1
elie	1
dolgin	1
grounded	1
launchpad	1
rescue	1
célèbre	1
reporting	1
blogging	1
nounce	1
notable	1
advocates	1
actor	1
launching	1
challenged	1
intelligible	1
founding	1
communicating	1
stony	1
brook	1
hosting	1
icelandic	1
hall	1
biophilia	1
phases	1
rapper	1
teamed	1
warner	1
inventions	1
powered	1
ﬁmore	1
šscience	1
roll	1
goaded	1
rihanna	1
tweeting	1
ﬁscience	1
dopeﬂ	1
followers	1
rightful	1
ning	1
bleak	1
aaas	1
couver	1
ﬁscared	1
deathﬂ	1
antiscience	1
celebrity	1
partly	1
pathize	1
struggling	1
helplessness	1
seeking	1
sciously	1
unconsciously	1
win	1
corporations	1
tional	1
academies	1
gathering	1
revisited	1
branding	1
tegy	1
employ	1
šmarc	1
kuchner	1
guest	1
reveals	1
footsteps	1
mozilla	1
demonstration	1
crisscross	1
imdb	1
doubleclick	1
scorecard	1
plain	1
woven	1
atul	1
varma	1
explained	1
whipped	1
tracked	1
happening	1
disable	1
install	1
ﬁdo	1
trackﬂ	1
button	1
cindy	1
ord	1
gregg	1
deguire	1
hale	1
journalist	1
blogger	1
juergen	1
clap	1
minor	1
infected	1
amplifying	1
culprit	1
collected	1
five	1
altered	1
theyšlike	1
jap	1
strainsšpossessed	1
inexpensively	1
epidemiologist	1
pennan	1
alarmed	1
noticing	1
spreading	1
summer	1
succumb	1
occurrence	1
troubling	1
pelvic	1
infertility	1
steady	1
tiptoe	1
threshold	1
untreatability	1
chlamyd	1
doubled	1
chlamydia	1
priority	1
plannersš	1
status	1
fleming	1
penicillin	1
solved	1
borrowing	1
construct	1
microbiological	1
steadily	1
gained	1
penicillins	1
tetracyclines	1
cipro	1
cousins	1
onšsomething	1
deliv	1
obviate	1
appointmentsšwas	1
colony	1
kita	1
gonorrheal	1
emerged	1
hawaii	1
formšbut	1
returned	1
mutation	1
hopscotch	1
sweden	1
spain	1
swedish	1
contracted	1
ceftri	1
injectable	1
eradication	1
japanese	1
kyoto	1
worker	1
ﬁhighly	1
resistantﬂ	1
antimicrobials	1
intravenous	1
impracti	1
clinics	1
leone	1
coalition	1
directors	1
emerges	1
uncertain	1
inadvertently	1
accelerated	1
dole	1
assumption	1
reinfected	1
harbored	1
placešbac	1
bac	1
sexual	1
segment	1
identifying	1
expose	1
gail	1
bolan	1
recommends	1
retesting	1
infec	1
melanie	1
thompson	1
aids	1
consor	1
atlanta	1
provider	1
suspected	1
ﬁcontact	1
cephalospo	1
unreliable	1
burgeoning	1
frontline	1
clinicians	1
vaccination	1
vaccine	1
combinations	1
azithromycin	1
losing	1
educate	1
treatmentsšmust	1
coordinated	1
tru	1
destructive	1
conse	1
trends	1
francisconew	1
orleanslas	1
vegashonolulu	1
angeleschicagoseattlelas	1
vegaschicagodisturbing	1
listed	1
columnist	1
emmy	1
awardœwinning	1
correspondent	1
cbs	1
yang	1
phantom	1
networksš	1
miracle	1
speedsšwirelessly	1
readers	1
hunted	1
expert	1
detects	1
alex	1
prototype	1
networksša	1
tells	1
boys	1
ﬁtwo	1
bars	1
indication	1
interference	1
ﬁsecond	1
routers	1
servers	1
chain	1
ﬁexpense	1
accounts	1
trav	1
fee	1
spots	1
shops	1
fleischman	1
networking	1
babbage	1
guy	1
passing	1
grabs	1
passwords	1
card	1
worry	1
banking	1
protected	1
encrypted	1
someone	1
slurping	1
purposes	1
identity	1
theft	1
draining	1
vpn	1
blocks	1
seeing	1
scrambled	1
airportsševen	1
planesš	1
rarely	1
yields	1
bother	1
ﬁhpsetupﬂ	1
ﬁlinksysﬂ	1
ﬁfeatureﬂ	1
amok	1
connects	1
broadcasts	1
ﬁad	1
hocﬂ	1
prank	1
macs	1
phony	1
rebroadcast	1
connectšbut	1
rebroadcasting	1
hoc	1
answered	1
wren	1
sunny	1
row	1
airport	1
eyeing	1
passengers	1
idly	1
knotty	1
smashes	1
technol	1
interpreting	1
equally	1
apply	1
renowned	1
learns	1
obsolete	1
intuitive	1
laborious	1
hope	1
telling	1
analyzing	1
bypasses	1
economical	1
sub	1
realizing	1
silent	1
swept	1
intro	1
behave	1
aiding	1
experimentalists	1
unison	1
workshop	1
kavli	1
eldest	1
brandeis	1
decide	1
profession	1
remembers	1
watched	1
academic	1
passionate	1
skiing	1
atomic	1
saclay	1
holder	1
council	1
grant	1
decision	1
sequences	1
theoreti	1
cracked	1
wealth	1
ideal	1
cousin	1
stepping	1
elegance	1
unite	1
sought	1
discouraged	1
rev	1
inconsistencies	1
absent	1
wayšit	1
ﬁdouble	1
copyﬂ	1
binds	1
nuclei	1
stitched	1
nevertheless	1
perspec	1
thickets	1
compelling	1
graphical	1
recipe	1
cal	1
colliding	1
institution	1
blackboards	1
quanti	1
draws	1
repre	1
unfold	1
instructions	1
freeman	1
dyson	1
theo	1
assigns	1
downside	1
enormousšin	1
disadvantage	1
electrodynamics	1
describes	1
smallness	1
ensures	1
compli	1
weighting	1
ignored	1
altogether	1
saying	1
attracting	1
hitting	1
mutating	1
annihilating	1
nobelist	1
anatomy	1
derground	1
extended	1
chromodynamics	1
ﬁstrongﬂ	1
cou	1
cir	1
fortunately	1
rele	1
diminishes	1
uncomplicated	1
rushing	1
quintessen	1
obey	1
momentum	1
caveat	1
corresponding	1
ﬁrealﬂ	1
ephemeral	1
cycle	1
expectancy	1
ignore	1
vir	1
electrody	1
progressively	1
dia	1
refer	1
additive	1
ﬁperturbative	1
esti	1
gradually	1
perturb	1
travels	1
antielec	1
annihilat	1
resumes	1
antielectron	1
temporarily	1
brave	1
incoming	1
outgoing	1
recur	1
pioneered	1
frits	1
berends	1
leiden	1
nether	1
lands	1
wal	1
giele	1
fermilab	1
tamed	1
workload	1
overwhelming	1
mad	1
involve	1
unmanageable	1
gluontwo	1
gluonsthree	1
mathe	1
cyclopedia	1
brute	1
forcešhar	1
pow	1
computersšcan	1
complexi	1
succumbs	1
exter	1
cloak	1
obscurity	1
impenetra	1
baroque	1
juggle	1
essential	1
astounding	1
summing	1
negate	1
jobšlike	1
pound	1
nail	1
grad	1
involvement	1
sim	1
summarizing	1
relevant	1
dunbar	1
requirement	1
implicit	1
tends	1
bas	1
ﬁstrongly	1
chew	1
murray	1
gell	1
rosenfeld	1
discarded	1
roaring	1
guise	1
baggage	1
happy	1
suppose	1
adds	1
corridors	1
tunnels	1
walkways	1
analogues	1
contri	1
intermediate	1
subdividing	1
turnstile	1
pathway	1
proce	1
greatly	1
cuts	1
express	1
tens	1
thou	1
molecule	1
microscopically	1
cumbersome	1
unenlightening	1
cas	1
hill	1
scarcely	1
molecular	1
description	1
velocity	1
likewise	1
holistically	1
concentrate	1
wholešunitarity	1
prominence	1
advantages	1
britto	1
freddy	1
cachazo	1
feng	1
wittenšadded	1
comple	1
stunning	1
conclusion	1
sequential	1
subdivide	1
pieces	1
swiss	1
struggles	1
balls	1
bounce	1
clump	1
fluctuations	1
innocuous	1
cles	1
sprays	1
buried	1
mess	1
sifting	1
ordi	1
missed	1
joe	1
incandela	1
cur	1
spokesperson	1
mysterious	1
astronomers	1
elude	1
ener	1
synthesized	1
decays	1
weakly	1
registering	1
extrapolate	1
observe	1
neutri	1
backdoor	1
assure	1
incan	1
reassured	1
stringent	1
push	1
ambitious	1
collaborators	1
fer	1
simón	1
bolívar	1
caracas	1
venezuela	1
durham	1
stefan	1
höche	1
kemal	1
ozeren	1
togeth	1
proba	1
imposing	1
assisted	1
delight	1
agreement	1
forward	1
sign	1
confounding	1
framework	1
mid	1
quantizing	1
unitary	1
exploits	1
consolidate	1
values	1
interme	1
dubbed	1
ﬁspacetime	1
foamﬂ	1
pioneer	1
wheeler	1
spiral	1
rein	1
embodied	1
ﬁsupergravity	1
freedman	1
van	1
nieuwenhuizen	1
arguments	1
doomed	1
failure	1
disappointment	1
departure	1
oscillations	1
concentrated	1
automatical	1
troubles	1
advocated	1
pointed	1
convince	1
capacities	1
whiz	1
evaluate	1
spawns	1
atom	1
dustbin	1
undecidable	1
conducted	1
innocence	1
reopened	1
dozens	1
radu	1
carrasco	1
henrik	1
johans	1
speculations	1
previously	1
ply	1
speculating	1
crucial	1
settled	1
erupts	1
immediately	1
bottles	1
napa	1
valley	1
char	1
calcula	1
settling	1
cork	1
curb	1
excesses	1
creep	1
bottle	1
zinfandel	1
settle	1
embarked	1
skeptics	1
nonperturbative	1
deeper	1
brushstrokes	1
principlesšrelativity	1
reexamination	1
quiet	1
remarkable	1
surpris	1
unexplored	1
neglected	1
riding	1
predictable	1
knight	1
bus	1
harry	1
potter	1
blau	1
kaiser	1
carras	1
johansson	1
kellogg	1
stelle	1
forde	1
gleisberg	1
animation	1
dan	1
saelinger	1
impressive	1
kit	1
protecting	1
verge	1
breaking	1
physiology	1
mate	1
groundwork	1
pancreasšor	1
customized	1
nec	1
pan	1
collectively	1
sick	1
safeguarding	1
šthe	1
miikka	1
round	1
crunches	1
bite	1
curved	1
mush	1
ripen	1
touching	1
tasting	1
recovered	1
banana	1
perma	1
prospects	1
athletic	1
scholarship	1
organization	1
fin	1
destroys	1
deteriorated	1
perceive	1
periphery	1
eberhart	1
zren	1
tübingen	1
photore	1
eventu	1
tissuešone	1
biopolar	1
photodiodes	1
strengthened	1
adja	1
nearest	1
bipolar	1
artificial	1
instruction	1
momentous	1
achieve	1
gaps	1
hereditary	1
las	1
vegas	1
televisions	1
sequencer	1
sleek	1
crank	1
nice	1
plasma	1
usher	1
displayed	1
watchers	1
comprehensive	1
rollout	1
chakravarti	1
chak	1
genomic	1
overpromoted	1
bought	1
readout	1
readouts	1
indicators	1
safely	1
finally	1
sorting	1
euan	1
cardi	1
medi	1
demonstrate	1
quake	1
profes	1
sequenced	1
raw	1
included	1
instanc	1
curve	1
heredi	1
hemochromatosis	1
wheth	1
mistake	1
processš	1
typographical	1
glitches	1
optimistic	1
individualized	1
transform	1
envisioning	1
portions	1
awaitsša	1
tale	1
untold	1
šnancy	1
shute	1
electrodes	1
limitations	1
interacted	1
silverware	1
peo	1
loved	1
locate	1
backgrounds	1
threaded	1
users	1
safer	1
por	1
faršis	1
placing	1
knobs	1
prove	1
blindness	1
choroideremia	1
macular	1
degeneration	1
atrophy	1
degrade	1
camera	1
mounted	1
glasses	1
converts	1
transmits	1
sits	1
dots	1
restoring	1
grayscale	1
conduct	1
advisory	1
boards	1
permit	1
šferris	1
bioengineers	1
programmed	1
supersmall	1
billionth	1
width	1
hair	1
delivering	1
hiding	1
tumors	1
nanomedicine	1
malignant	1
gregory	1
lanza	1
louis	1
noncancerous	1
theoretically	1
inform	1
sanjiv	1
gambhir	1
colonoscopy	1
miss	1
targeting	1
attach	1
tumor	1
rectum	1
minerals	1
endoscope	1
betraying	1
nanodevices	1
gošand	1
sparing	1
notes	1
directed	1
škatherine	1
diabe	1
devicesšwhich	1
receiversšare	1
arrhythmias	1
jolt	1
couple	1
manufactured	1
shrewsbury	1
angelmed	1
irregular	1
pulse	1
survived	1
qualify	1
vibrates	1
alarms	1
guardian	1
minute	1
details	1
gleaned	1
downloaded	1
licensed	1
picks	1
arrest	1
arrhythmia	1
abnormal	1
glysens	1
levelšwhich	1
dosing	1
upkeep	1
telemetry	1
sabine	1
vacillates	1
mania	1
biomark	1
promise	1
objective	1
approachšmaking	1
diagnoses	1
illnessesšamong	1
diseasešthey	1
psychiatric	1
indispensable	1
component	1
testsšone	1
researchšare	1
commercially	1
speci	1
nineteen	1
operation	1
mitochondriašthe	1
organelles	1
neurotrophic	1
encourages	1
establishment	1
rbm	1
veripsych	1
sin	1
fda	1
rigorous	1
diegoœbased	1
diagnostics	1
biomarker	1
validated	1
trialsšexcept	1
funded	1
psychosis	1
depressed	1
accept	1
recognizing	1
optimizing	1
tattoo	1
collect	1
contractions	1
portablešwith	1
instanta	1
chron	1
icons	1
brontosaurus	1
exhibits	1
silhouette	1
lengthy	1
ends	1
topped	1
bal	1
reign	1
stayed	1
photographed	1
behemoth	1
surfaced	1
awed	1
confused	1
anatomist	1
constituted	1
gigantic	1
interpreted	1
belonging	1
lizard	1
geologist	1
phillips	1
assessment	1
considerable	1
consternation	1
decadesšthey	1
conceive	1
perceived	1
unsuited	1
unwieldy	1
overgrown	1
fated	1
marginal	1
ﬁadvancedﬂ	1
argued	1
apex	1
hadrosaurs	1
ceratopsians	1
fringe	1
relegated	1
stragglers	1
asteroid	1
maladapted	1
plodding	1
obscu	1
locales	1
worldšmore	1
alonešhave	1
extraordinarily	1
resilient	1
analytical	1
evaluating	1
reproduced	1
dramatic	1
revelations	1
amid	1
cacophony	1
museums	1
towering	1
din	1
excited	1
alester	1
paleo	1
traveled	1
worldšfrom	1
argenti	1
zimbabwešin	1
wyoming	1
traditionally	1
referred	1
upended	1
scenario	1
revealing	1
pros	1
abili	1
adapt	1
stately	1
buses	1
stretched	1
sauropodsšsuch	1
apatosaurusšmade	1
debut	1
shelves	1
bowels	1
collections	1
encased	1
plas	1
jackets	1
frac	1
originated	1
anceš	1
triassic	1
witnessed	1
cleared	1
subsequent	1
dominance	1
bodied	1
sediments	1
evolve	1
familiar	1
theropods	1
tyrannosaurus	1
rex	1
paleon	1
characteris	1
trackways	1
quad	1
pedal	1
posture	1
elephantine	1
feetš	1
dating	1
skeletons	1
younger	1
isanosaurus	1
thailand	1
gongxianosau	1
vulcanodon	1
zimbabwe	1
stamps	1
backbones	1
tapering	1
skulls	1
limbs	1
evo	1
recognizable	1
stagnate	1
played	1
tectonics	1
lineages	1
waxed	1
waned	1
histo	1
groupšright	1
recurrent	1
contradict	1
limped	1
nadir	1
stocky	1
rebbachisaurids	1
heyday	1
liv	1
sizing	1
longevity	1
lineag	1
characteristics	1
merged	1
lizardﬂ	1
apt	1
deposits	1
luis	1
chiappe	1
ange	1
county	1
embryos	1
membranes	1
traces	1
spherical	1
excavated	1
averaging	1
centi	1
diameter	1
grapefruit	1
abundance	1
nests	1
nested	1
exists	1
cared	1
thanlike	1
parents	1
invest	1
heavily	1
raising	1
fend	1
parental	1
investment	1
hewed	1
reptili	1
furthest	1
weighed	1
attained	1
lengths	1
meters	1
comparison	1
aver	1
african	1
elephant	1
weighs	1
extrapolated	1
plateau	1
reproducešrisky	1
prone	1
perspective	1
armand	1
ricqlès	1
microstructure	1
histology	1
den	1
preserved	1
soared	1
mature	1
findings	1
coup	1
agoš	1
overturned	1
periodš	1
saurs	1
newcomersšincluding	1
saursš	1
illustrations	1
raúl	1
sources	1
vertebra	1
curves	1
geological	1
geologic	1
timeline	1
tyler	1
keillor	1
prodigious	1
appetites	1
perplexing	1
gathered	1
thrive	1
traditional	1
reconstruc	1
biomechanics	1
closing	1
methodsšsome	1
cropped	1
clipped	1
softer	1
chewing	1
ﬁpostmouthﬂ	1
usable	1
cited	1
gastrolithsšor	1
stomach	1
pol	1
formations	1
ingest	1
grind	1
aid	1
sander	1
bonn	1
gizzard	1
degraded	1
purported	1
texture	1
cav	1
equivocal	1
concluded	1
rhinos	1
fermentation	1
elongated	1
digestive	1
distinc	1
trait	1
wisdom	1
dine	1
treetops	1
unattainable	1
reconstructed	1
diplodocoids	1
famil	1
apatosaurus	1
juras	1
varia	1
oth	1
generalists	1
grazed	1
postures	1
additionally	1
constrained	1
crane	1
adaptations	1
concurrent	1
dinosaurian	1
vegetarians	1
suited	1
evolu	1
match	1
duckbills	1
conveyor	1
belts	1
acted	1
interval	1
newcomers	1
exploiting	1
variety	1
paul	1
sereno	1
creature	1
duck	1
untouchable	1
wilson	1
michigan	1
coiled	1
crushing	1
hatchlingšas	1
reconstruction	1
frequented	1
grounds	1
feasted	1
hatchlings	1
keeping	1
sharp	1
clipping	1
orientation	1
semicircular	1
inner	1
earšthe	1
balancešin	1
nigersaurus	1
muzzle	1
pointing	1
downward	1
rotated	1
inferred	1
progressed	1
diversi	1
feces	1
coprolites	1
tissues	1
phytoliths	1
leasypes	1
magnolias	1
conifers	1
palms	1
vandana	1
prasad	1
birbal	1
sahni	1
insti	1
paleobotany	1
grasses	1
supports	1
indiscriminately	1
respectable	1
herbivore	1
picky	1
emergent	1
tops	1
intake	1
fueled	1
outpocketings	1
invade	1
suck	1
unidirectional	1
extracted	1
bidirectional	1
mixes	1
extraction	1
resemble	1
hollows	1
bounded	1
struts	1
hollowness	1
pneumaticity	1
trunk	1
hips	1
tail	1
pneumatization	1
colossus	1
sauroposeidon	1
pneumatized	1
sac	1
ventilation	1
respiration	1
stable	1
consis	1
behemoths	1
halfway	1
exceeded	1
immune	1
preda	1
allosaurus	1
shortage	1
titano	1
bore	1
bizarre	1
osteodermsšthey	1
armorlike	1
crocodilians	1
stegosaurus	1
resided	1
discern	1
alongside	1
thick	1
liters	1
specimen	1
osteoderm	1
backboned	1
drill	1
hollowed	1
pavementlike	1
rule	1
protection	1
shatter	1
jaws	1
distribution	1
rendered	1
thermoregula	1
served	1
reserve	1
sustain	1
harshest	1
seasonally	1
agešwhich	1
osteoporosis	1
unlocked	1
island	1
liveš	1
majungasaurus	1
cannibalize	1
demise	1
innumerable	1
frogs	1
elsewhere	1
breaches	1
painted	1
corner	1
inescapable	1
spectacular	1
extravagances	1
interactive	1
fredrik	1
broden	1
slowly	1
markings	1
walls	1
shockšor	1
jargon	1
sharply	1
walks	1
tirelessly	1
enter	1
zone	1
overrides	1
wounded	1
ague	1
cluster	1
associates	1
stimulišopen	1
noisesšwith	1
bind	1
turntable	1
crowded	1
prisoners	1
forge	1
mammalian	1
invertebrate	1
dementia	1
attacking	1
dominate	1
lifešand	1
addic	1
caustic	1
newsweek	1
sally	1
ride	1
infatuation	1
pointedly	1
remembering	1
passively	1
storing	1
impressions	1
dynamic	1
ongo	1
manip	1
wonderful	1
veter	1
assaults	1
generations	1
historians	1
xtin	1
tinkering	1
brainš	1
stored	1
neuroscientist	1
todd	1
downstate	1
brooklyn	1
andré	1
fenton	1
compound	1
hip	1
disabled	1
bonanza	1
exploration	1
memoryšand	1
underlie	1
recollection	1
undone	1
specialize	1
sequence	1
synchronous	1
bond	1
basical	1
encodes	1
drop	1
biochemistry	1
proliferation	1
glutamate	1
recep	1
postsynaptic	1
amplify	1
electrochemical	1
crosses	1
gap	1
continual	1
disappearing	1
persistence	1
complement	1
agent	1
preser	1
synthe	1
systemically	1
zeroed	1
obscure	1
kinasešan	1
enzyme	1
attaching	1
phosphate	1
themšknown	1
pkm	1
zeta	1
sustaining	1
fails	1
evaporates	1
antag	1
injected	1
continu	1
reformatting	1
disk	1
anytime	1
chemically	1
prod	1
obliterating	1
endeavors	1
etive	1
blot	1
unwanted	1
blunt	1
anguish	1
disastrous	1
shorult	1
quantify	1
illustrate	1
dinner	1
agošunless	1
wedding	1
reception	1
tend	1
eventsš	1
neurotrans	1
bucket	1
token	1
ought	1
interfere	1
lowering	1
norepineph	1
hyper	1
spend	1
tri	1
approved	1
neurosci	1
eventšin	1
auto	1
civiliansšto	1
intent	1
itselfš	1
basis	1
ogies	1
legions	1
marshal	1
reverse	1
legacy	1
eponymous	1
wipes	1
incapable	1
selecting	1
ﬁbadﬂ	1
turning	1
associat	1
ordeal	1
rewrite	1
behav	1
coloration	1
warren	1
autobiographical	1
eventšonly	1
associ	1
compromising	1
concern	1
contents	1
tone	1
peace	1
sacred	1
selfhood	1
manipulation	1
pioneers	1
ﬁthey	1
thisšwhether	1
diminish	1
accuracy	1
needing	1
remembered	1
propr	1
arousing	1
envision	1
prosecutors	1
nervous	1
prospect	1
thats	1
factual	1
unimpaired	1
tears	1
witness	1
awarding	1
compari	1
hypernormal	1
rush	1
emo	1
doctor	1
lawyer	1
ordered	1
propran	1
exuberant	1
arriving	1
evaluat	1
met	1
criteria	1
rejected	1
trulties	1
forbids	1
urgent	1
luck	1
themﬂ	1
sitt	1
humvee	1
iraq	1
script	1
goggles	1
wears	1
therapist	1
keyboard	1
sniper	1
detonates	1
mine	1
alleyway	1
shakes	1
explosion	1
breathing	1
urgently	1
wrenching	1
steering	1
throws	1
arm	1
ivan	1
pavlov	1
classical	1
opposing	1
rang	1
dog	1
salivating	1
noises	1
mortar	1
unlearn	1
afghanistan	1
vietnam	1
reliving	1
succeeding	1
sergeant	1
treats	1
tries	1
quell	1
uncontrollable	1
postcombat	1
situationsš	1
blessing	1
responses	1
approxi	1
traumatized	1
emotions	1
scentsša	1
gun	1
garbagešto	1
protocol	1
exposing	1
reassuring	1
feared	1
object	1
incre	1
ﬁsnake	1
enlisted	1
therapists	1
elevators	1
acrophobia	1
simu	1
balconies	1
jungle	1
spiders	1
penetrate	1
eras	1
competes	1
ﬁextinction	1
roth	1
envi	1
kerry	1
ressler	1
thatšin	1
seeming	1
paradoxšaccelerates	1
acquisition	1
tuberculosis	1
energizes	1
nmda	1
gluta	1
ﬁbiochem	1
coincidence	1
emily	1
cooper	1
ridding	1
tweaking	1
assist	1
blotter	1
unlinking	1
interconnected	1
inactivation	1
preservative	1
chemicalšensuring	1
unhooks	1
neural	1
abolishes	1
devise	1
dampen	1
wiping	1
slate	1
clean	1
weaken	1
recollect	1
administering	1
blocker	1
afterward	1
dull	1
replace	1
makeover	1
manipulatedšthrough	1
drugšso	1
stimulus	1
primed	1
emotion	1
tweaked	1
depolarizes	1
downstream	1
ease	1
acquired	1
unleash	1
ygdala	1
adage	1
shyﬂ	1
remem	1
germ	1
phobia	1
toilet	1
seat	1
dropout	1
sessions	1
assess	1
overwriting	1
pill	1
trail	1
pads	1
wrists	1
conductance	1
measure	1
undergo	1
conditioning	1
ﬁreminderﬂ	1
session	1
functions	1
ver	1
reappears	1
virtually	1
spontaneous	1
somehow	1
theoryšthe	1
implication	1
ipulated	1
collabora	1
unsuccessfully	1
gen	1
eral	1
karim	1
mcgill	1
fellow	1
proper	1
metaphor	1
scrapbook	1
diary	1
ﬁlabileﬂ	1
experimentšand	1
updating	1
mongoose	1
xperiences	1
subsides	1
heals	1
schafe	1
reconsoli	1
race	1
harness	1
cally	1
hence	1
mytarapone	1
inhibits	1
morphine	1
inconclusive	1
psy	1
parameter	1
personalities	1
considerably	1
merel	1
kindt	1
amsterdam	1
muscles	1
blinks	1
outﬂ	1
experimenter	1
lished	1
ﬁsuggest	1
xibly	1
ﬁthis	1
feels	1
caution	1
ﬁstill	1
infancy	1
papers	1
stud	1
peoplešin	1
undergraduates	1
afraid	1
dreams	1
potency	1
ﬁon	1
cusp	1
fruitﬂ	1
crippling	1
dispute	1
ﬁis	1
serrano	1
decem	1
recon	1
wiped	1
tintals	1
chlorophyll	1
pigment	1
pho	1
attaches	1
sucks	1
nutrients	1
burrow	1
appendage	1
vascular	1
culinary	1
preferences	1
chooses	1
germinates	1
root	1
burrows	1
dirt	1
hos	1
seedling	1
moves	1
circles	1
probing	1
surroundings	1
hands	1
blindfolded	1
kitchen	1
bending	1
injured	1
guide	1
senses	1
arrar	1
llc	1
scribe	1
kawade	1
shobo	1
shisha	1
copyright	1
cherie	1
sinnen	1
suitable	1
wraps	1
sucking	1
juices	1
mato	1
rotates	1
sinks	1
victory	1
twirls	1
microprojections	1
phloem	1
sugary	1
sap	1
siphoning	1
consuelo	1
entomologist	1
centered	1
locates	1
prey	1
fake	1
faithfully	1
themšin	1
shade	1
wherever	1
smelled	1
pot	1
dod	1
suggesting	1
wafted	1
liked	1
tricked	1
equidistant	1
potsšone	1
tomatošthe	1
induce	1
preference	1
bou	1
tomawo	1
attracted	1
irresistible	1
attractants	1
ace	1
repels	1
repulsive	1
astonishing	1
revolutionized	1
claimed	1
popu	1
ﬁtalking	1
treesﬂ	1
mainstream	1
newspapers	1
orians	1
willows	1
tent	1
treesšbut	1
treesšcontained	1
phenolic	1
tannin	1
unpalatable	1
neighborsšthey	1
touchšrhoades	1
pheromonal	1
signaled	1
ﬁbeware	1
defend	1
dartmouth	1
seminal	1
poplar	1
sugar	1
seedlings	1
tall	1
airtight	1
plexiglas	1
torn	1
inhibit	1
compounds	1
bald	1
tearing	1
gaseous	1
communicate	1
undamaged	1
resulted	1
defending	1
dismissed	1
community	1
lacking	1
exaggerated	1
implica	1
scents	1
manna	1
biosciences	1
commu	1
barley	1
sagebrush	1
alder	1
neigh	1
accepted	1
communi	1
purposely	1
soliloquy	1
irapuato	1
wild	1
phaseolus	1
lunatus	1
responds	1
attracts	1
arthropods	1
chemi	1
jena	1
monitored	1
ves	1
lea	1
ﬁuninfestedﬂ	1
spec	1
featured	1
csi	1
volatiles	1
neighbored	1
ﬁtalkﬂ	1
practicing	1
intend	1
inge	1
enclosed	1
bags	1
ettacked	1
resem	1
ventilator	1
blew	1
blown	1
brother	1
towers	1
chi	1
lighting	1
eaves	1
nearby	1
feetile	1
naturally	1
crowding	1
literal	1
roses	1
garden	1
summertime	1
freshly	1
jasmine	1
blooming	1
smellies	1
titanum	1
luckily	1
blooms	1
ttors	1
pollan	1
seduce	1
undoubtedly	1
nerves	1
interprets	1
phero	1
physiologi	1
considered	1
olfaction	1
tktk	1
lifetime	1
toler	1
photographer	1
heim	1
undisclosed	1
morgue	1
capturing	1
moments	1
clockwise	1
pierced	1
obesityted	1
overdose	1
comparing	1
demonstrates	1
remodeled	1
unhealthy	1
lauer	1
lung	1
exerts	1
tots	1
coro	1
arteries	1
visibly	1
surrounds	1
mus	1
enlarged	1
tts	1
spreads	1
valve	1
func	1
coverage	1
postmor	1
annals	1
burton	1
mahmud	1
mossa	1
ﬁautopsy	1
strassheim	1
teenager	1
overdosed	1
victim	1
deafening	1
roar	1
eerie	1
descends	1
blackened	1
tentacles	1
screaming	1
tear	1
dev	1
destroying	1
businesses	1
sunday	1
extremes	1
saving	1
minimizing	1
infrastructure	1
ﬁweather	1
tragedies	1
swarm	1
devastated	1
killing	1
busiest	1
fatalities	1
stormy	1
fourteen	1
tor	1
blizzardsšeach	1
midwestern	1
oceanic	1
succeed	1
plen	1
deadly	1
sensing	1
returning	1
rotation	1
rodger	1
les	1
lemon	1
burgess	1
noted	1
outbound	1
inbound	1
initially	1
matching	1
ﬁtor	1
vortex	1
tvs	1
metric	1
indicating	1
transformative	1
rainstorm	1
trajectory	1
pilot	1
ambi	1
meteorology	1
upgrades	1
upgrade	1
hailstones	1
widthš	1
imagesšrain	1
knowing	1
forecaster	1
fea	1
bits	1
lofted	1
dam	1
cloaked	1
integrating	1
technologyšwhich	1
precipita	1
blizzardsšinto	1
personnel	1
cyclone	1
landfall	1
carolina	1
accu	1
saved	1
carolinas	1
coast	1
meteorologist	1
pam	1
navy	1
enemy	1
ships	1
missiles	1
testbed	1
parabolic	1
mechanically	1
tilts	1
sector	1
sampling	1
equates	1
expertise	1
ﬁjackﬂ	1
preparation	1
mayhew	1
imagery	1
harden	1
geoeye	1
dividual	1
slices	1
returns	1
scanning	1
dur	1
simultaneously	1
tilt	1
antennas	1
min	1
circulations	1
hein	1
sel	1
precede	1
ideally	1
panels	1
atmospherešone	1
operable	1
phased	1
mountains	1
localized	1
alerts	1
deploy	1
forecastsšespecially	1
hurricanesšwould	1
severely	1
occurred	1
vankita	1
waited	1
seriously	1
perceptions	1
safeﬂ	1
riskﬂ	1
meetings	1
highlights	1
steps	1
exact	1
preparing	1
posting	1
updates	1
highlighting	1
google	1
commission	1
tower	1
tragedy	1
intervals	1
closer	1
humidity	1
joint	1
updated	1
intensities	1
thunder	1
suite	1
infra	1
relay	1
infor	1
measurements	1
ﬁsee	1
cloudsﬂ	1
tore	1
prompted	1
histor	1
midnight	1
explosive	1
instru	1
visi	1
onboard	1
hemi	1
sphere	1
mapper	1
incorporating	1
governing	1
relationships	1
crunch	1
pres	1
thatšand	1
strato	1
code	1
observation	1
squares	1
spawn	1
talented	1
churns	1
numerical	1
orbiters	1
strikes	1
oce	1
atmos	1
pheric	1
hurri	1
lengthen	1
notice	1
jameson	1
compare	1
fairmont	1
tril	1
simulate	1
catapult	1
routine	1
monster	1
oak	1
foresees	1
increas	1
coupled	1
quintillion	1
computations	1
biogeochemical	1
encoded	1
seamlessly	1
ﬁbrainwareﬂ	1
issuing	1
precautions	1
conte	1
snow	1
outlooks	1
moti	1
desire	1
unmitigated	1
rebuilt	1
thriving	1
nursing	1
hospitals	1
trans	1
retailers	1
employees	1
shop	1
thrum	1
meteo	1
television	1
clarion	1
sirens	1
urgency	1
updrafts	1
warm	1
moist	1
concentrates	1
rotational	1
improves	1
pinpoint	1
deployed	1
thoroughly	1
adap	1
ipcc	1
tactics	1
captivated	1
curious	1
ﬁfantas	1
wetting	1
disappear	1
investigate	1
yellows	1
greens	1
blues	1
plumages	1
pick	1
magic	1
orange	1
depend	1
reting	1
kilometer	1
shine	1
penetrates	1
forest	1
canopy	1
bounces	1
delicately	1
inspiring	1
designs	1
transmission	1
fantastical	1
sophisticat	1
etch	1
ingenuity	1
engi	1
master	1
fabrics	1
appearance	1
optically	1
electrically	1
blazing	1
unravel	1
geometric	1
dresses	1
exceedingly	1
curiosity	1
bodley	1
emer	1
swallowtail	1
pap	1
ilio	1
palinurus	1
southeast	1
separated	1
selective	1
mirrors	1
bottoms	1
srin	1
vasarao	1
copied	1
mak	1
effect	1
didius	1
rhetenor	1
multilayers	1
shaped	1
sprout	1
parallel	1
ﬁtreeﬂ	1
grating	1
refrac	1
haxes	1
niskayuna	1
albany	1
butterxpert	1
exeter	1
rangliquids	1
tak	1
microlithographic	1
bor	1
semiconductor	1
carve	1
solids	1
impurities	1
drinking	1
mason	1
ardea	1
dense	1
ﬁconstructivelyﬂ	1
ﬁdestructively	1
shiny	1
disc	1
tilted	1
forth	1
kera	1
telescopes	1
lasers	1
male	1
esii	1
ingenious	1
netherlands	1
hairlike	1
barbules	1
spaced	1
section	1
sloping	1
courtship	1
ritual	1
guaranteed	1
fashion	1
automobile	1
industries	1
slight	1
positioning	1
bules	1
tips	1
bowled	1
emerald	1
swallow	1
hue	1
depressions	1
watermark	1
stevenson	1
butterfly	1
srinivasarao	1
patched	1
cattleheart	1
parides	1
totally	1
causing	1
spheres	1
waveguides	1
cat	1
zigzagging	1
appearancešpatches	1
sponge	1
ers	1
patch	1
weevils	1
derive	1
patterned	1
template	1
hardens	1
lipids	1
scratch	1
lipid	1
surfactants	1
ulrich	1
univer	1
copolymers	1
arrange	1
niobium	1
ﬁnanospongeﬂ	1
calculated	1
metals	1
silver	1
index	1
bend	1
fabricated	1
superlenses	1
rows	1
carton	1
sinking	1
evaporate	1
deposit	1
bowl	1
mimics	1
butterbowls	1
tterned	1
polarizing	1
bouncing	1
disappears	1
rims	1
mech	1
retive	1
coating	1
hid	1
polarized	1
thault	1
srini	1
admits	1
replicate	1
daylight	1
enviable	1
loliginidae	1
stacks	1
mating	1
aggression	1
irido	1
crumple	1
sandwiched	1
folds	1
iridophore	1
membrane	1
neurotransmitter	1
neutralizes	1
closely	1
altering	1
mecha	1
inserted	1
loligo	1
pealeii	1
esch	1
coli	1
tein	1
collapses	1
icle	1
tuned	1
salts	1
charges	1
swell	1
triggers	1
transparent	1
voltages	1
raytheon	1
goleta	1
shutters	1
heat	1
deformed	1
spongy	1
structural	1
variation	1
splendid	1
plumage	1
hummingbird	1
spongelike	1
disor	1
uniform	1
macaw	1
ara	1
ararauna	1
halcyon	1
pileata	1
spac	1
barbs	1
tortuous	1
nanome	1
dazzlingly	1
shell	1
manakin	1
lepidothrix	1
coronata	1
airholes	1
channel	1
stops	1
substances	1
microdroplets	1
whiteness	1
mimicked	1
porous	1
carbonate	1
brilliantly	1
dufresne	1
imitat	1
disordered	1
feath	1
randomly	1
beads	1
fibers	1
sculpt	1
spines	1
worms	1
hexagonal	1
ters	1
spine	1
russell	1
erlangen	1
heated	1
bundles	1
capillaries	1
laced	1
hexagonally	1
capillary	1
rod	1
bundle	1
defect	1
array	1
cladding	1
impermeable	1
ﬁleakﬂ	1
telecommunications	1
leaky	1
eys	1
trapping	1
retion	1
roy	1
sambles	1
wolpert	1
royal	1
interface	1
vocation	1
planner	1
castingšan	1
endeavor	1
employs	1
corporate	1
guess	1
gadgetry	1
technolo	1
famously	1
asserted	1
transistors	1
integrated	1
meticulous	1
mobile	1
realm	1
serves	1
prospective	1
tasks	1
unusual	1
promote	1
discussions	1
publish	1
anthologies	1
featuring	1
introductions	1
emphasis	1
portends	1
fantasies	1
mueller	1
convey	1
destiny	1
spoke	1
scares	1
prognosticator	1
nurture	1
excerpts	1
pragmatic	1
keyboards	1
screens	1
chat	1
inboi	1
comforting	1
sizzle	1
jet	1
packs	1
rocket	1
cars	1
radically	1
compu	1
aggregation	1
computa	1
dictions	1
knit	1
fab	1
carrying	1
services	1
specula	1
parallels	1
biolo	1
enzymes	1
counter	1
hippie	1
woz	1
wozniak	1
hacker	1
clubs	1
judge	1
pace	1
projecting	1
hessel	1
collaborates	1
pink	1
cooperative	1
folks	1
promoting	1
organismšbacterium	1
virusšas	1
stick	1
awesome	1
sleep	1
wake	1
morning	1
kicking	1
mileﬂ	1
connectivity	1
apartment	1
engineered	1
conduc	1
copper	1
lay	1
crossed	1
maintained	1
everywhere	1
mesh	1
brings	1
anywhere	1
median	1
highways	1
superhighway	1
symbiotic	1
informs	1
lectures	1
aside	1
confessor	1
inspires	1
captures	1
castingša	1
sciencešas	1
archi	1
sili	1
soc	1
casting	1
technologustin	1
rattner	1
ﬁno	1
responsibility	1
justin	1
discus	1
outside	1
everyone	1
ﬁso	1
caster	1
intith	1
maker	1
designers	1
israel	1
remind	1
makers	1
dell	1
ethnographers	1
anthro	1
statisti	1
customers	1
ecosystem	1
ﬁwhere	1
helpedšor	1
helpingšdesign	1
imaginative	1
ethical	1
prototypes	1
albert	1
einstein	1
creativity	1
imagination	1
innovate	1
casts	1
misconception	1
participants	1
anthology	1
paradox	1
sinn	1
mit	1
seller	1
lays	1
economist	1
reduce	1
politicians	1
demand	1
curbing	1
proposes	1
kyotoﬂ	1
purchasesšsimilar	1
ration	1
war	1
cartel	1
levy	1
taxes	1
capital	1
income	1
numerous	1
parrots	1
beloved	1
tailed	1
sylph	1
hum	1
mingbird	1
traitš	1
ﬁtouch	1
ﬁhearing	1
ﬁseeingﬂšwith	1
ﬁemotionsﬂ	1
nuanced	1
greeting	1
rituals	1
feelings	1
speak	1
tim	1
walker	1
monogamous	1
sensory	1
šfrom	1
usa	1
portrait	1
liveright	1
accompanied	1
teen	1
son	1
volunteers	1
beautifully	1
written	1
travelogue	1
primer	1
paints	1
intriguing	1
surprising	1
intermixing	1
ancestors	1
arrived	1
slaves	1
africa	1
genes	1
mixing	1
hinting	1
floating	1
unnatural	1
unknown	1
whale	1
scarcity	1
estimated	1
wash	1
shore	1
rupture	1
intestines	1
grim	1
passage	1
prized	1
houses	1
stabilizing	1
ﬁani	1
malicﬂ	1
collectors	1
aphro	1
disiac	1
perseverance	1
unraveling	1
admirable	1
pacing	1
uneven	1
humphead	1
wrasse	1
multimedia	1
visitors	1
examine	1
barrier	1
reef	1
underwater	1
viewer	1
seas	1
adventures	1
historical	1
collection	1
informative	1
believing	1
michaelshermer	1
neil	1
webb	1
ado	1
closes	1
profound	1
ﬁgod	1
itﬂ	1
begs	1
godšand	1
dictates	1
deals	1
vary	1
universesšin	1
manner	1
singularity	1
leonard	1
embraces	1
provedšit	1
foam	1
ﬁnothingﬂ	1
consists	1
subatomic	1
turbulence	1
scalešthe	1
dominated	1
heisenberg	1
prin	1
antiparti	1
cosmologist	1
balancing	1
furthermore	1
ﬁfor	1
halt	1
ﬁquantum	1
noth	1
ingšmeaning	1
timešit	1
šis	1
testable	1
collapsing	1
illuminat	1
cos	1
background	1
nasa	1
wilkinson	1
anisotropy	1
probe	1
wmap	1
spacecraft	1
laser	1
interferometer	1
wave	1
observa	1
ligo	1
faint	1
ripples	1
gravitation	1
rela	1
electromagnetism	1
ﬁleaksﬂ	1
exis	1
nothingšif	1
deterministicšthen	1
incipient	1
wise	1
heed	1
skeptical	1
matt	1
livesš	1
pursuit	1
recounts	1
jokes	1
punch	1
squaw	1
hippopotamus	1
squaws	1
hippopota	1
pythagorean	1
theorem	1
comedy	1
writers	1
continent	1
recreations	1
reader	1
tour	1
triangle	1
šnicešto	1
šgoodšto	1
šstill	1
youšto	1
gov	1
trajecto	1
journalism	1
wonderfully	1
accessible	1
personally	1
asses	1
exceed	1
hors	1
ending	1
eventual	1
practically	1
standing	1
axiomatic	1
truth	1
holds	1
racetracks	1
equestrian	1
outnumber	1
hats	1
horsey	1
folk	1
display	1
wrestling	1
vast	1
majority	1
programming	1
psm	1
winning	1
lottery	1
wts	1
abandoning	1
cus	1
ablutions	1
equa	1
shower	1
shave	1
william	1
tecumseh	1
sherman	1
vending	1
singles	1
onesšand	1
candy	1
devoting	1
ridiculous	1
baseball	1
statistics	1
batting	1
bats	1
mathematically	1
oriented	1
plus	1
slugging	1
stands	1
casual	1
spouting	1
itš	1
namely	1
ﬁoh	1
cascaded	1
performed	1
poorly	1
algebra	1
algebraic	1
leap	1
unleapt	1
advice	1
rewarding	1
avoided	1
adjuster	1
resource	1
fundamental	1
farces	1
tectonic	1
chronicled	1
earning	1
designated	1
busi	1
grouchy	1
haughty	1
discourteous	1
clerk	1
summoned	1
angry	1
summarily	1
complainant	1
railway	1
subterranean	1
construction	1
commences	1
midst	1
disreputable	1
thoroughfare	1
chatham	1
dover	1
metropolitan	1
occasion	1
trip	1
portion	1
perfectly	1
unpleasantness	1
dampness	1
loco	1
steam	1
smoke	1
nei	1
ther	1
slide	1
steep	1
upright	1
aboard	1
reins	1
mettled	1
steed	1
glancing	1
accomplished	1
isaac	1
runner	1
attached	1
www	1
ﬁwithin	1
merest	1
energetic	1
carried	1
explorer	1
doubtful	1
continuing	1
šwilliam	1
kraushaar	1
clarkﬂ	1
montessori	1
due	1
securing	1
publicity	1
reformers	1
whatever	1
deserved	1
ideals	1
considers	1
ages	1
extent	1
defectives	1
applying	1
steerable	1
snowyšand	1
sorry	1
fate	1
unfortunate	1
economic	1
borders	1
reside	1
desertsšcommunities	1
selling	1
abound	1
grocers	1
procure	1
des	1
nonavailability	1
obe	1
mari	1
consulting	1
carries	1
environments	1
šjohn	1
deserts	1
dry	1
desert	1
